LCALC_STRAIN	LCALC_FE	LCALC_NA	LCALC_ND	LCALC_NDA	LCALC_NH	LCALC_NHE	LCALC_NRB	LCALC_NR	LCALC_NAR	LCALC_SA	LCALC_PSA	LCALC_EHSA	LCALC_VDWVOL	LCALC_SAVOL	LCALC_MLOGP	LCALC_MSOL	LCALC_NO	LCALC_SLOGP	LCALC_SSOL	LCALC_NPSA	LCALC_RGYRATION	LCALC_NSTEREO	Activity
0	15.1	1	1	2	8	4	1	0	0	318.4	31	-3	161.6	502.1	1.9	0.00703	1	2.1	0.00529	287.4	2.4	0	3.12
0	10.2	0	0	0	5	3	0	0	0	271.6	0	-0.6	121.9	410.3	2.2	0.00838	0	2.7	0.00344	271.6	1.9	0	3.4
0	10.1	0	0	0	6	4	1	0	0	287.9	0	-1.1	143.1	460.7	2.6	0.00224	0	2.2	0.00503	287.9	1.8	0	3.92
0	11.6	0	0	0	5	3	1	0	0	273.8	0	-1.5	121.5	409.6	2.2	0.00838	0	2	0.0128	273.8	1.9	0	3.21
0	8.4	0	0	0	4	2	0	0	0	220.3	0	-0.7	95.9	344.9	1.7	0.046	0	2.1	0.0192	220.3	1.8	0	2.84
0.05	14.4	0	0	0	10	4	0	1	1	304.5	0	-1.6	193.4	580.4	4.6	1.85e-05	0	4.6	2.09e-05	304.5	2.4	0	5.29
0.03	13.6	0	0	0	9	3	0	1	1	290	0	-1.4	173.5	531.5	4.1	0.000101	0	3.9	0.000132	290	2.5	0	4.89
0	13.8	0	0	0	6	3	2	0	0	291.4	0	-2.1	141.3	465.5	2.6	0.00315	0	2.5	0.00385	291.4	2	0	3.41
0.01	14.4	0	0	0	10	4	0	1	1	302.9	0	-1.6	194.3	587.4	4.6	1.85e-05	0	4.6	2.09e-05	302.9	2.3	0	5.83
0.01	13.6	0	0	0	9	3	0	1	1	285.7	0	-1.4	174.4	538.7	4.1	0.000101	0	3.9	0.000132	285.7	2.3	0	4.8
0	10.3	0	0	0	9	0	0	1	1	329.6	0	0	164.4	523.4	3.3	0.00137	0	3.6	0.000656	329.6	2.7	0	4.19
0	12.1	0	0	0	4	2	1	0	0	246.8	0	-1.9	100.8	364.9	1.8	0.0334	0	1.8	0.0325	246.8	1.6	0	2.9
0	11.6	0	0	0	5	2	1	0	0	273.2	0	-0.7	118.9	409.4	2.2	0.0118	0	2.2	0.0113	273.2	2.1	1	2.93
0	10.5	0	1	1	6	1	1	0	0	297.7	42.1	-40.4	118.8	413.1	1.2	0.132	1	1.2	0.14	255.6	2.2	1	2.49
-0.13	22	1	3	4	9	3	2	1	0	350.6	72.5	-28.9	147.6	494.6	-0.5	1.9	3	-1.6	14.7	278.1	2.5	0	1.31
0	18.1	0	2	2	5	2	1	0	0	253.8	104.4	-104.3	88.9	338.5	-0.5	4.98	2	-1.2	18.5	149.4	2	1	1.81
0	10.8	2	2	4	5	2	1	0	0	249.6	74.7	-7.9	84.1	326.2	-0.5	4.99	2	-0.8	8.13	174.9	1.9	1	0.13
0	13.5	1	1	2	10	4	0	1	1	328.5	32.6	-5.9	198.7	602.4	3.8	1.49e-05	1	4.2	6.54e-06	295.8	2.4	0	4.71
0.03	13.6	0	0	0	9	3	0	1	1	288.3	0	-1.5	175.2	545.9	4.1	0.000101	0	3.9	0.000132	288.3	2.2	0	4.74
0	15.3	0	0	0	5	2	2	0	0	290.9	0	-2.2	134	455.5	2.6	0.00127	0	2.5	0.00155	290.9	2	0	5.05
0	14.4	0	0	0	5	2	2	0	0	275.5	0	-1.4	120.3	422	2.2	0.0118	0	2.3	0.00977	275.5	1.9	0	2.94
0.01	13.3	0	0	0	10	2	2	1	1	364.5	0	-1.1	193.7	600.5	3.6	0.000302	0	3.6	0.000282	364.5	2.7	0	6.65
0	12.7	0	0	0	8	2	0	1	1	295.8	0	-2	167.4	521.8	3.8	6.88e-05	0	3.8	7.19e-05	295.8	2.2	0	5.28
0	16.6	0	0	0	6	2	3	0	0	298.3	0	-1.3	139.9	479.2	2.6	0.00444	0	2.8	0.00294	298.3	2.1	0	3.39
0	13.4	2	0	2	10	2	0	1	1	330.8	22.6	-4.5	163.4	527.2	1.6	0.0276	2	2.2	0.00891	308.2	2.9	0	3.07
0	12.1	2	0	2	6	2	0	1	0	280.8	37.2	-6.2	99.2	362.8	-0.5	3.62	2	-0.3	2.68	243.6	1.9	0	0.93
-0.01	18.9	0	0	0	7	2	4	0	0	322.6	0	-1.2	159.4	536.5	3	0.00175	0	3.3	0.000885	322.6	2.4	0	3.75
0	12.8	1	0	1	11	1	0	2	0	390	2.4	2	190	580.7	2.5	0.00344	1	3.1	0.000994	387.5	2.5	0	3.18
-0.03	22.8	0	0	0	10	0	7	0	0	412.4	0	1.6	204.8	670.9	3.7	0.000462	0	5	3.44e-05	412.4	3.7	0	5.68
0	14.4	1	2	3	5	2	1	0	0	269	92.7	-50	86.4	330.8	-0.5	4.99	2	-1.2	18.3	176.3	1.9	1	1.47
0	10.9	0	1	1	8	2	0	1	1	254.5	60.9	-4.1	129.1	424.9	2	0.0208	1	1.3	0.0789	193.6	2.3	0	3.82
0	15.4	0	0	0	5	1	2	0	0	294	0	-0.2	123.4	433.1	2.4	0.00541	0	2.6	0.00344	294	2.9	0	3.57
-0.05	22.2	0	0	0	8	1	5	0	0	365.7	0	0.7	182.1	604.9	3.5	0.000351	0	4.1	9.36e-05	365.7	3.8	0	5.09
-0.04	19.9	0	0	0	7	1	4	0	0	340.9	0	0.2	162.4	547.4	3.1	0.00084	0	3.6	0.000311	340.9	3.5	0	4.68
-0.06	24.4	0	0	0	9	1	6	0	0	400.1	0	0.6	201.6	662	3.8	0.000151	0	4.6	2.82e-05	400.1	4.1	0	5.36
0	13.2	0	0	0	4	1	1	0	0	259.6	0	-0.1	104	376	2	0.0148	0	2.2	0.0114	259.6	2.6	0	3.26
0	11.4	1	1	2	5	1	2	0	0	274	62.3	-5.7	98.7	370.9	0.8	0.374	1	0.8	0.345	211.7	2.2	0	1.59
0.01	9.1	0	0	0	8	1	0	1	1	298.8	0	-0.8	151.3	485.4	3.2	0.00136	0	3.2	0.00143	298.8	2.6	0	3.84
0	9.1	0	0	0	8	1	0	1	1	295.9	0	-0.6	151.2	485.2	3.2	0.00136	0	3.2	0.00143	295.9	2.6	0	4.33
0	9.7	0	0	0	11	1	0	2	2	297.9	0	-1.4	188.5	563.5	3.9	0.000175	0	3.8	0.000227	297.9	2.7	0	4.85
0	11.6	1	1	2	10	3	1	1	1	292.7	98.1	-7.3	181.2	548.3	1.5	0.0259	2	1.8	0.0136	194.6	2.5	0	3.73
0	9.3	1	0	1	9	1	1	1	1	299.9	66.7	-4.8	167	510.8	1.8	0.0238	1	2.1	0.0145	233.2	2.4	0	3.42
0	12.3	2	1	3	11	4	1	1	1	322.2	94.7	-8.7	210.3	623.3	2.4	0.000561	2	3.4	7.67e-05	227.5	2.6	0	4.3
-0.09	24.9	1	1	2	11	1	8	0	0	432.1	53.6	-3.8	215.9	714.1	2.9	0.00149	1	3.8	0.000256	378.5	4.2	0	4.82
-0.09	29.8	1	1	2	13	1	9	0	0	509.4	54.5	-2.8	251.5	813.2	3.3	0.000414	1	5.1	1.31e-05	454.9	4.7	0	5.27
-0.05	18.1	1	1	2	8	1	5	0	0	344.4	48	-3.5	157.3	542.7	1.9	0.0196	1	2.3	0.00941	296.4	3.2	0	3.51
-0.04	15.9	1	1	2	7	1	4	0	0	326	53.6	-4.6	137.7	485.2	1.6	0.0497	1	1.8	0.0313	272.4	2.8	0	2.94
0	12.7	2	1	3	9	2	0	1	1	291.6	49.8	-6.6	142.3	465.9	1.2	0.0673	2	1.6	0.034	241.8	2.6	0	3.22
-0.04	21.2	0	1	1	9	1	5	0	0	382.8	44.5	-42.3	178.7	599.5	2.3	0.00805	1	2.7	0.00331	338.3	3.4	1	4.4
0.03	10.6	0	0	0	11	0	0	2	2	315.3	0	-1	185	557.9	3.7	0.000417	0	3.7	0.000386	315.3	2.7	0	4.2
0	11.7	1	1	2	11	1	0	2	2	284	27.8	-4	172.7	525.9	2.6	0.00312	1	2.7	0.00282	256.1	2.6	0	4.54
-0.08	22.6	1	1	2	10	1	7	0	0	401.8	39.3	-2.3	196.4	657	2.6	0.00341	1	3.3	0.000852	362.5	3.8	0	4.41
-0.06	20.4	1	1	2	9	1	6	0	0	380.1	62.3	-4.9	176.8	599.8	2.3	0.00805	1	2.8	0.00283	317.8	3.5	0	3.98
-0.03	14.1	1	1	2	9	1	5	0	0	358.9	42.3	-3.4	174.2	581.2	2.1	0.0115	1	2	0.016	316.6	3.2	1	5.49
0	9.1	1	1	2	4	1	1	0	0	238.3	48	-4.2	79.1	313.8	0.3	1.15	1	0.3	1.15	190.3	1.9	0	1.12
-0.1	27.1	1	1	2	12	1	9	0	0	450.5	48	-2.7	235.5	771.6	3.2	0.000662	1	4.3	7.72e-05	402.5	4.5	0	5.22
0	14.8	1	1	2	6	4	1	0	0	278.8	34.7	-5.3	127	424.1	1.2	0.0474	1	1.2	0.0469	244.1	2.1	0	2.8
0	10	0	1	1	6	1	1	0	0	297.8	35.6	-34.4	119.2	409.4	1.2	0.132	1	1.2	0.131	262.1	2.1	0	2.26
0.17	18.1	2	2	4	17	4	2	2	2	461.2	55.2	-7.6	274.2	788.6	3.8	3.6e-05	2	4.3	1.34e-05	405.9	3.1	0	5.94
0.04	15.8	1	1	2	11	5	0	1	1	297.2	31.6	-4.8	197.6	591.6	3.9	6.16e-05	1	4.1	4.11e-05	265.6	2.5	0	5.74
0.05	15.8	1	1	2	11	5	0	1	1	310.3	37.3	-5.4	198.3	596.9	3.9	6.16e-05	1	4.1	4.11e-05	273	2.4	0	5.35
0.44	15.7	1	0	1	12	4	0	1	1	340.1	24.2	-3	209.5	625.7	3.6	0.000137	1	3.6	0.000123	315.9	3	0	5.05
0.02	14.3	0	1	1	10	4	0	1	1	294	57.1	-5.2	183	555.7	3.3	0.000343	1	3	0.000625	236.8	2.7	0	4.74
0	15.6	0	1	1	11	5	0	1	1	308.2	48.5	-4.9	203.6	607.7	3.9	6.27e-05	1	3.7	9.87e-05	259.8	2.5	0	5.93
0.01	11.8	1	1	2	10	1	0	1	1	331.7	22.4	-2.2	169	532.8	2.5	0.00458	1	3.2	0.00129	309.4	2.7	0	4.22
0.06	10.3	0	0	0	6	0	1	0	0	316.7	0	0.7	124.7	430.5	2.4	0.0155	0	3.1	0.00337	316.7	2.2	0	4.08
0.01	14.5	1	1	2	10	4	0	1	1	295.1	45.8	-6.1	178.4	549.8	3.3	0.000338	1	3.4	0.00026	249.3	2.4	0	5.34
2.4	14.3	0	1	1	10	4	0	1	1	307	48.5	-4.8	184.3	565.8	3.3	0.000343	1	3	0.000625	258.6	2.4	0	4.59
0.04	14.5	1	1	2	10	4	0	1	1	308.5	41.6	-5.7	179	555	3.3	0.000338	1	3.4	0.00026	266.9	2.3	0	4.64
0	11.8	1	1	2	10	1	0	1	1	340.3	26.3	-2.5	169.7	540.7	2.5	0.00458	1	3.2	0.00129	314	2.8	0	4.02
0.12	10.3	1	1	2	19	1	3	1	1	539.2	3.7	3.6	332	928.7	4.9	4.95e-06	1	6.4	2.67e-07	535.5	3.6	0	6.39
0	15.1	1	0	1	11	3	1	1	1	332.2	31.8	-3.9	194.2	599.3	2.7	0.00124	1	2.6	0.00167	300.4	2.7	0	4.21
0.01	13.3	0	1	1	9	3	0	1	1	280.1	46.9	-4.4	164	514.1	2.7	0.00193	1	2.4	0.00395	233.2	2.5	0	4.07
0.01	14.3	1	0	1	10	3	0	1	1	304.6	47.3	-6.7	172.8	536.9	2.7	0.00169	1	3	0.000913	257.3	2.4	0	4.99
0.01	13.5	1	1	2	9	3	0	1	1	278.1	39.4	-5.2	158.5	501	2.7	0.0019	1	2.8	0.00165	238.7	2.3	0	4.3
0	12.1	0	0	0	9	2	0	1	1	301.2	0	-1	171	533.4	3.8	0.000241	0	3.8	0.000226	301.2	2.6	0	4.54
1.26	15.5	3	0	3	12	3	0	1	1	338.7	51.3	-8.4	182.6	579.1	1	0.0572	3	1.9	0.00972	287.4	3	0	3.92
0.01	7.4	1	1	2	8	1	2	0	0	341.2	23.3	-0.3	153.9	502.9	1.9	0.0196	1	2.1	0.0145	317.8	2.4	0	2.85
0.05	13.4	0	0	0	6	0	1	0	0	293.9	0	0.6	123.2	430.5	2.4	0.0155	0	2.9	0.00572	293.9	2.5	0	3.61
0	11.4	1	1	2	9	1	0	1	1	298.3	30.5	-3.2	152.1	491.7	2.2	0.0108	1	2.6	0.00479	267.8	2.6	0	3.86
0	14.4	0	0	0	8	0	1	0	0	362.6	0	0.7	158.3	527.1	3	0.00251	0	4	0.000415	362.6	2.8	0	4.46
0.22	12.1	0	1	1	13	1	2	1	1	415.9	18.7	0.7	231.3	693.7	3.4	0.000411	1	4	0.000126	397.1	3.2	0	4.1
0	13.8	2	0	2	11	2	0	1	1	371.1	6.3	-2.8	181	573.6	1.9	0.0117	2	2.7	0.0024	364.8	3	0	3.88
0	10.8	1	1	2	16	1	2	1	1	491.1	3.7	2.5	277.3	798.8	4.2	4.21e-05	1	5	7.89e-06	487.4	3.4	0	5.78
0.07	13.5	1	1	2	10	1	2	1	1	340.5	29.7	-3.2	170.4	536.8	2.4	0.00566	1	2.9	0.00218	310.8	2.7	0	3.95
0	15	1	2	3	4	2	1	0	0	236.9	108.8	-73.6	67.3	278.7	-1.1	17.5	2	-1.6	52.6	128.1	1.8	0	1.47
0	12.2	0	1	1	5	1	1	0	0	271.9	48	-46.6	100.6	370.9	0.8	0.374	1	0.8	0.404	223.9	2	1	2.42
0	8.6	1	1	2	5	1	1	0	0	268.5	36.7	-2.5	98.4	366.6	0.8	0.374	1	0.8	0.399	231.7	2.1	1	1.31
0	11.8	1	0	1	5	1	1	0	0	258.1	32.4	-1.8	94.4	357	0.7	0.515	1	0.3	1.13	225.8	2.1	0	1.35
0	7.9	1	1	2	5	1	1	0	0	259.9	43.7	-4.3	94.5	354.5	0.7	0.533	1	0.1	1.51	216.3	2.4	0	3.84
0	12.3	2	2	4	6	2	2	0	0	279.7	111.4	-11.5	99.8	371.4	-0.2	2.3	2	-0.9	9.24	168.3	2.6	0	3.21
2.35	12	0	1	1	9	2	0	1	1	293.6	46.9	-3.9	160.8	509.7	2.5	0.00461	1	2.3	0.00674	246.6	2.7	0	3.59
0	13.4	1	0	1	10	3	0	1	1	278	35.2	-4.9	158	495.5	2.5	0.00302	1	2.6	0.00288	242.8	2.4	0	4.23
0	9.1	0	0	0	8	1	0	1	1	288	0	-0.6	150.2	477.4	3.2	0.00136	0	3.2	0.00143	288	2.4	0	4.23
0	11.5	1	0	1	10	2	1	1	1	312.8	60.3	-4.6	185.6	555.7	2.4	0.00423	1	2.7	0.00229	252.4	2.7	0	4
-0.06	25.3	1	0	1	11	1	7	0	0	423.4	24.7	0.2	211.7	700.1	2.7	0.00204	1	3.2	0.000838	398.7	4	0	4.5
0	15.6	1	0	1	9	2	0	1	1	318	8.4	-3.5	155.4	502.1	1.4	0.0516	2	1.6	0.0331	309.6	2.6	0	2.98
0.2	19.6	1	2	3	10	2	4	0	0	376.9	38.5	-2.9	181.5	571.1	1.4	0.0348	2	0.9	0.095	338.4	2.6	0	2.86
-0.09	29.8	1	0	1	13	1	9	0	0	469.8	32.4	-0.1	250.8	814.6	3.3	0.000414	1	4.2	7.59e-05	437.4	4.7	0	5.19
0	16.6	3	0	3	9	3	4	0	0	394.3	37.7	-3.1	153.3	547.9	0.5	0.237	3	0.6	0.214	356.6	3.2	0	3.5
-0.02	16.4	1	1	2	9	1	5	0	0	391.3	44.4	-2.6	174.3	575.3	2.3	0.00805	1	2.7	0.00327	346.9	3	1	3.66
0	21.6	1	2	3	6	2	3	0	0	304.3	50.3	-11.2	110	411.5	-0.1	1.62	2	-0.7	5	254	2.4	0	1.78
0	11.9	1	0	1	9	2	0	1	1	253.2	43.1	-5.4	138.4	448.1	1.9	0.0173	1	1.9	0.0182	210.1	2.3	0	4.96
-0.02	18.5	1	0	1	8	1	4	0	0	343.5	24.7	-0.4	153.1	528.6	1.8	0.027	1	1.7	0.0307	318.7	3	0	2.94
0	16.3	1	0	1	7	1	3	0	0	316.7	22.6	-0.3	133.6	471.5	1.4	0.0684	1	1.2	0.102	294.1	2.7	0	2.37
0	16.9	4	1	5	13	4	0	1	1	359.3	84.7	-12.2	186.4	589.3	0.9	0.0463	4	2.2	0.00415	274.6	3.1	0	4.83
0	14.5	2	1	3	10	3	0	1	1	290.5	81.7	-10.5	163.6	515.4	2.2	0.00307	2	2.9	0.000722	208.7	2.7	0	5.19
0	14.2	2	1	3	10	3	0	1	1	278.1	81.7	-10.1	157.1	499.3	2	0.00887	2	2.7	0.00246	196.3	2.5	0	5.31
0	12.8	2	1	3	9	2	0	1	1	269.4	81.7	-9.8	136.2	443.4	1.4	0.0515	2	2	0.0156	187.7	2.3	0	4.73
0	13.4	3	1	4	8	3	3	0	0	310.1	69.9	-7.1	126.6	454.6	0.1	0.805	3	-0.2	1.45	240.2	2.8	0	4.38
0	13.9	3	1	4	9	3	3	0	0	333.5	67.6	-7	144.7	504.5	0.4	0.303	3	0.3	0.39	265.8	2.9	0	2.76
0	12.9	3	1	4	9	3	3	0	0	343.2	62.3	-5.4	145.7	506.4	0.4	0.303	3	0.2	0.503	280.9	2.9	1	4.59
0	16.2	1	1	2	5	2	2	0	0	272.7	58.9	-55.5	91.4	352.9	-0.5	4.99	2	-0.9	10.5	213.8	2.2	0	2.16
0	7.4	1	1	2	5	1	1	0	0	271.3	34.7	-2.6	98.2	362.1	0.8	0.374	1	0.8	0.399	236.6	2	0	1.69
0	7.2	1	1	2	5	1	0	0	0	269.3	35.7	-2	98.1	360.5	0.8	0.374	1	0.7	0.43	233.6	1.9	0	1.06
0	9.8	1	0	1	7	1	0	1	1	266	18	-3.1	123.2	414.7	0.8	0.249	1	1.4	0.092	248	2.3	0	2.02
0	11.7	1	1	2	11	1	0	2	2	281.4	49	-6.1	172.9	528.1	2.6	0.00312	1	2.7	0.00282	232.5	2.7	0	4.62
-0.05	23	1	0	1	10	1	6	0	0	390.6	32.4	-0.7	192.1	642.8	2.4	0.00469	1	2.7	0.00278	358.2	3.7	0	3.97
-0.04	20.8	1	0	1	9	1	5	0	0	376.4	30.5	-0.7	172.6	585.7	2.1	0.0111	1	2.2	0.00925	345.9	3.4	0	3.45
0	14	1	0	1	6	1	2	0	0	296.6	22.6	-0.5	114	414.2	1.1	0.182	1	0.7	0.339	274	2.4	0	1.84
0.01	14.8	2	1	3	10	2	2	1	1	337.7	55.5	-7.4	164.1	532.5	1.3	0.0468	2	1.1	0.0709	282.2	3	0	2.6
-0.01	10.1	2	0	2	8	2	1	1	1	255.6	98	-8.9	145.2	458.7	-0.1	1.4	2	0.4	0.547	157.6	2.3	0	2.16
1.07	19.1	0	2	2	16	4	0	2	2	364.9	92	-8	264.6	764	3.6	7.78e-05	2	3.2	0.000162	272.9	3.6	0	5.09
0	9	1	0	1	7	1	1	0	0	306.2	22.6	-0.1	131.7	442.7	1.4	0.0684	1	1.1	0.127	283.6	2.2	0	3.06
0	12.3	0	1	1	7	1	2	0	0	324.5	56.3	-54.8	137	457.3	1.6	0.0497	1	1.7	0.0394	268.2	2.4	0	2.23
0	13.3	0	1	1	9	3	0	1	1	276.2	57.8	-5.1	163.5	510.8	2.7	0.00193	1	2.4	0.00395	218.4	2.7	0	4.32
0	12.1	0	0	0	9	2	0	1	1	299.2	0	-0.9	171.2	534.3	3.8	0.000241	0	3.8	0.000226	299.2	2.8	0	4.74
0	11.4	1	1	2	9	1	0	1	1	305.6	48.8	-5.2	150.8	485.1	2.2	0.0108	1	2.6	0.00479	256.8	2.6	0	3.94
0	14	1	1	2	5	2	2	0	0	257.8	48	-5.9	102.4	376.5	0.8	0.266	1	0.6	0.391	209.8	2.1	0	2.07
0	14.9	3	1	4	11	3	0	1	1	317.5	96.7	-12.4	161.7	519.9	1.2	0.0494	3	1.1	0.0613	220.8	2.7	0	3.12
0	10	1	0	1	6	1	1	0	0	309.1	25.2	-0.6	113.6	405.7	1.1	0.182	1	0.7	0.392	283.9	2.2	0	2
0	11.7	1	1	2	7	1	2	0	0	307.3	20	0.1	134.6	453.8	1.6	0.0497	1	1.7	0.0389	287.3	2.3	0	2.18
0.01	11.8	1	0	1	6	1	2	0	0	295.2	50.2	-4.5	113.5	401.8	1.1	0.182	1	1.2	0.13	244.9	2.1	0	4.42
0	9.8	1	0	1	7	1	0	1	1	267.6	25.2	-4.3	123.1	412.1	0.8	0.249	1	1.4	0.092	242.4	2.2	0	2.81
-0.02	14	1	0	1	6	1	2	0	0	294.7	22.1	-0.2	113.8	413.1	1.1	0.182	1	0.7	0.339	272.6	2.4	0	1.75
0	11.6	2	0	2	8	2	0	1	1	260.5	73.2	-10.6	124.8	415.3	-0.1	1.33	2	0.5	0.372	187.3	2.2	0	3.81
0.01	15.6	2	1	3	10	2	3	1	1	343.9	78.4	-10.3	167	540	0.7	0.174	2	0.9	0.114	265.4	2.9	0	2.96
0.01	10.3	1	0	1	12	4	2	1	1	382	67	-3.9	191.3	577.3	2.3	0.00382	1	2.5	0.00259	315	2.6	0	3.56
0	12	2	0	2	9	2	0	1	1	279.2	46.5	-5.4	143.3	466	0.2	0.524	2	0.5	0.316	232.7	2.5	0	2.86
0	15.2	1	1	2	11	2	1	1	1	332.4	68.1	-4.6	179.4	566	1.5	0.0249	2	1.2	0.0441	264.3	3.1	0	3.01
0	14.3	2	0	2	14	2	0	2	2	359.3	44.8	-6.9	216.4	642.2	1.5	0.015	2	2	0.00616	314.5	3.2	0	3.25
0	12.1	0	1	1	8	2	0	1	1	285.6	60.9	-5.5	150.1	478.1	2.3	0.00383	1	2	0.00732	224.7	2.9	0	3.56
0	17.5	0	1	1	11	1	3	1	1	389.5	48.9	-2.4	198.3	625.2	2.8	0.00203	1	3.1	0.00116	340.7	3.4	0	4.17
0	12.6	1	0	1	9	2	0	1	1	288.3	47.3	-6.8	152.9	488.3	2.1	0.00949	1	2.4	0.00578	240.9	2.4	0	4.81
-0.05	31	0	1	1	17	1	9	1	1	587.8	43.8	-0.5	315.9	968.7	4.4	2.07e-05	1	6	8.63e-07	544	5.4	0	6.57
0.03	17.6	1	0	1	11	2	0	1	1	332.3	37.9	-6.6	180.5	564.6	1.5	0.0249	2	1.9	0.0125	294.4	3	0	3.51
0.01	15.7	2	0	2	11	2	1	1	1	343.8	45	-5.3	177.9	569.9	1.5	0.0245	2	2.3	0.00567	298.8	3.2	0	3.74
2.21	13	0	1	1	9	1	1	1	1	319.3	48.9	-3	159.4	510.6	2.2	0.011	1	2.1	0.0128	270.4	2.8	0	3.22
-0.03	23.7	1	1	2	14	2	5	1	1	460.4	56.1	-2.9	246.6	772.6	2.8	0.00105	2	3.6	0.000201	404.4	4.5	0	4.78
0	12.3	1	0	1	11	1	1	1	1	360.8	37.6	-3.6	186.9	581.4	2.5	0.00417	1	3.2	0.00103	323.2	3	0	4.35
0	12.7	2	1	3	9	2	0	1	1	288.6	50.5	-6.6	142.2	465.8	1.2	0.0673	2	1.6	0.034	238.1	2.6	0	3.27
0	12.3	1	0	1	7	1	2	0	0	329.7	19.7	-0.1	132	456.2	1.4	0.0684	1	1.2	0.118	310	2.4	0	2.27
0	10.8	0	1	1	8	1	0	1	1	284.6	48.9	-3.7	140.4	457.4	1.9	0.0268	1	1.6	0.0426	235.7	2.5	0	2.83
0	9.8	1	0	1	7	1	0	1	1	262	16.2	-2.9	123.2	412.3	0.8	0.249	1	1.4	0.092	245.8	2.2	0	2.36
0	26.5	0	1	1	15	1	7	1	1	526.6	63.2	-2.6	276.5	853.9	3.9	8.96e-05	1	5.1	9.53e-06	463.3	4.7	0	6.24
0.1	15	2	1	3	14	2	0	2	2	396.6	71.3	-8.4	218.3	652.5	2.8	0.00116	2	3.6	0.000247	325.4	3.3	0	4.58
1.03	14.4	1	0	1	12	1	0	2	2	322.7	18.6	-4.2	196.6	587.1	2.2	0.0063	1	2.6	0.00297	304.2	3	0	3.98
0	24.6	1	1	2	11	2	6	0	0	416.7	31.7	-1.8	203.3	664.1	1.6	0.0203	2	0.9	0.07	385	3.3	0	2.67
0.01	12.4	1	0	1	9	1	1	1	1	340	15.4	-1.8	160	519.7	1.5	0.0403	1	2.4	0.00746	324.6	2.8	0	3.17
0	14.5	1	0	1	8	1	3	0	0	338.7	22.4	-0.1	151.7	514.1	1.8	0.027	1	1.7	0.0355	316.4	2.7	0	2.86
-0.01	23	1	0	1	10	1	6	0	0	403.6	22.1	0.7	191.9	641.9	2.4	0.00469	1	2.7	0.00278	381.5	3.7	0	3.66
0	9.1	1	0	1	3	1	0	0	0	210.6	52.3	-6.7	55.9	242.5	-0.3	5.58	1	-0.2	4.14	158.2	1.5	0	3.11
0	7.9	2	0	2	4	2	0	0	0	207	100.7	-82.7	61.2	260.2	-0.4	4.97	2	0.1	1.96	106.3	1.6	0	2.85
0	9.5	1	0	1	4	1	0	0	0	228.9	41.3	-3.1	75	300.8	0.2	1.59	1	-0.2	3.75	187.6	1.8	0	0.85
0	6	2	0	2	5	2	0	0	0	240.9	61.1	-3.2	85.2	330.5	0.1	1.44	2	1.2	0.176	179.8	2	0	2.12
0	6.7	1	0	1	3	1	0	0	0	202.3	58.9	-3.4	79.2	289.1	-0.3	5.86	1	-0.1	4.18	143.5	1.6	0	1.49
0	11.8	1	0	1	9	1	0	1	1	290.6	30.5	-2.9	150.5	482.7	1.8	0.0226	1	1.7	0.031	260.1	2.6	0	2.87
0	11.5	1	0	1	14	1	0	3	3	330.1	4.6	-2.1	218.6	642.1	3.1	0.000769	1	3.3	0.000454	325.5	3.2	0	4.89
0	22	4	0	4	10	4	5	0	0	316.2	167	-136.7	146.1	508.1	0.4	0.238	4	0.2	0.357	149.2	2.6	0	3.18
0	10.4	0	1	1	7	1	0	1	1	252.9	60.9	-4.9	122.8	406.1	1.5	0.0679	1	1.1	0.158	192	2.2	0	3.03
0	11.4	1	0	1	8	1	0	1	1	263.5	40.5	-6.2	132.1	432.6	1.5	0.0552	1	1.7	0.0366	223	2.3	0	3.93
0	9.2	0	0	0	6	0	0	1	1	239.5	0	-0.7	112.7	377.6	2.3	0.02	0	2	0.0335	239.5	2	0	3.5
0	9	1	0	1	8	1	1	1	1	268.9	72.8	-5.3	151.6	470.7	1.5	0.058	1	1.5	0.0537	196.1	2.3	0	2.98
0.06	14.1	1	0	1	14	1	0	2	2	374	23.4	-3.7	223.4	658.7	3.1	0.000731	1	3.1	0.000605	350.6	3.2	0	4.11
0	11.4	0	1	1	8	1	1	1	1	288.6	60.9	-61.3	137.9	451.1	1.6	0.0446	1	1.1	0.125	227.7	2.5	0	3.02
1.26	14.2	0	0	0	12	0	0	2	2	323.6	0	-1.3	203.8	603.6	3.9	0.000231	0	3.8	0.000292	323.6	3.1	0	4.8
0	11	0	0	0	7	1	0	1	1	263.4	0	-1.4	140.1	449.8	3	0.00113	0	2.9	0.00155	263.4	2.6	0	4.45
0	13.6	1	0	1	5	1	2	0	0	264.6	50.2	-5	95.1	358.8	0.7	0.515	1	0.8	0.375	214.3	2.1	0	3.65
0	11	1	0	1	11	1	0	2	0	372.3	43.1	-1.6	182.9	558.2	2.4	0.00473	1	3	0.00122	329.2	2.4	2	3.14
0	9.2	0	0	0	5	4	0	0	0	259.9	0	-1.6	125.1	415.8	2.2	0.00595	0	2.4	0.0039	259.9	1.6	0	3.56
0	8.7	0	0	0	7	1	0	1	1	258.6	0	-1	133.5	433.7	2.9	0.00331	0	2.6	0.0053	258.6	2.3	0	3.7
0	9.3	0	0	0	4	3	0	0	0	235.7	0	-1	103.5	364.1	1.8	0.0237	0	1.5	0.0425	235.7	1.5	0	3.06
0	10.1	0	0	0	9	0	1	1	1	345.8	0	0.8	167.6	526.9	3.3	0.00137	0	3.4	0.000945	345.8	2.6	0	4.23
0	11.5	0	0	0	6	0	0	1	0	302.1	0	1.2	118.4	410.4	3.1	0.00328	0	3.2	0.00296	302.1	2	0	2.96
0	8.9	1	1	2	7	1	0	1	0	308.5	43.5	-3.8	123.6	425.4	1.2	0.111	1	1.6	0.0466	265	2.1	0	2.06
0	11	1	0	1	7	1	0	1	0	294.5	42.9	-2.7	119.6	416.2	1.1	0.153	1	1.1	0.132	251.6	2.1	0	2.19
0	9.1	2	0	2	8	2	0	1	0	311.1	72.8	-3.4	129.8	446.1	1	0.139	2	0.9	0.158	238.3	2.3	0	2.74
0.28	28.1	4	0	4	20	4	6	1	1	594.4	30.8	-1.1	325.1	1006.6	3.6	4.78e-05	4	4.6	6.8e-06	563.6	5	0	5.33
0	33	4	0	4	18	4	11	0	0	588.4	44.4	-0.5	310.4	1005.5	2.8	0.000303	4	4.3	1.64e-05	544	6.2	0	4.85
0	9.8	0	0	0	3	2	0	0	0	210	0	-0.3	81.2	307.1	1.4	0.103	0	1.3	0.108	210	1.5	0	2.42
0	6.8	0	0	0	10	0	0	3	0	357.2	0	0.9	164.2	512.7	3.3	0.00111	0	3.2	0.00135	357.2	2.3	4	3.63
0.28	19.1	4	0	4	16	4	2	1	1	475.9	30.8	-2.5	247	777.6	2.6	0.000949	4	2.6	0.000829	445.1	3.8	0	4.12
0	24	4	0	4	14	4	7	0	0	481.3	44.4	-1.8	232.2	776.7	1.7	0.00686	4	2.4	0.002	436.9	4.7	0	4.05
0	17.1	0	1	1	5	1	2	0	0	285	8.7	-7.8	104.7	394.5	0.8	0.374	1	0.8	0.367	276.3	2.3	0	1.93
0	19.5	3	2	5	7	3	4	0	0	313.9	106.8	-13.1	114	426.8	-0.9	6.4	3	-1.5	19.2	207.1	2.6	0	0.15
0	13.5	1	0	1	5	1	2	0	0	292.3	7.6	0.1	103.4	392.9	0.8	0.374	1	1	0.229	284.7	2.3	0	1.46
1.55	17.3	4	0	4	11	4	4	0	0	407.8	48.4	-2.6	172.8	602.6	0.8	0.0907	4	0.9	0.0733	359.4	3.8	0	4.01
0	33	4	0	4	18	4	11	0	0	588.4	44.4	-0.5	310.4	1005.5	2.8	0.000303	4	4.3	1.64e-05	544	6.2	0	4.98
0	19.5	4	0	4	12	4	5	0	0	427.8	44.4	-2.2	193.1	662.2	1.1	0.0372	4	1.4	0.022	383.3	4.1	0	3.09
6.53	23.9	6	2	8	14	6	5	0	0	460.9	109.2	-9.1	203.5	689.7	-0.4	0.467	6	-0.1	0.232	351.7	3.7	2	2.5
0.31	20.2	4	0	4	20	4	4	1	1	578.8	26.6	-0.6	324.2	985.3	3.6	4.78e-05	4	4.5	9.08e-06	552.2	4.6	0	5.49
0	12.4	1	0	1	7	1	2	0	0	353.8	2.7	1.9	141.3	487.8	1.6	0.0497	1	1.9	0.0277	351.1	2.5	0	2.11
0	11.5	2	0	2	5	2	2	0	0	278.4	28.5	-4.2	93.3	355.7	-0.1	2.25	2	-0.2	2.56	249.8	2.1	0	1.04
0.26	14.6	4	0	4	14	4	0	1	1	397.7	35.2	-5.7	206.8	651.7	2	0.00468	4	1.7	0.00916	362.5	3.3	0	3.7
1.45	12.8	4	0	4	9	4	2	0	0	326.4	51.3	-6.3	132.7	475.5	0.1	0.611	4	-0.1	0.809	275.1	3	0	4.03
0	22.5	1	0	1	9	1	6	0	0	399.9	7.6	1.5	181.6	621.8	2.3	0.00805	1	3	0.00188	392.3	3.7	0	3.61
-0.07	35.1	0	1	1	13	1	10	0	0	497.7	8.7	-5.7	261.1	852.3	3.5	0.000301	1	4.7	2.47e-05	489	5	0	5.38
-0.05	27	1	0	1	11	1	8	0	0	447.8	7.6	1.8	220.6	736.1	2.9	0.00149	1	4	0.00017	440.2	4.4	0	4.71
0.39	19.2	4	0	4	24	4	0	3	3	560.2	26.6	-4	359	1027	4.6	3.33e-06	4	4.1	9.55e-06	533.6	4.3	0	6.6
0	13.4	0	1	1	13	1	0	2	2	376	10.6	-1.9	216.4	642.6	3.4	0.000462	1	3.3	0.000567	365.4	3.2	0	4.65
0.34	13.6	1	0	1	13	1	0	2	2	396.6	6.6	-1.9	214.7	641.2	3.4	0.000455	1	4	0.000126	390	3.1	0	4.63
0.02	13.3	0	0	0	10	0	1	1	0	388.9	0	0.9	186.2	585	3.3	0.00103	0	4.8	4.8e-05	388.9	2.8	1	5.29
0	6.9	1	1	2	3	1	0	0	0	219.9	54.1	-5.6	59.5	256.3	-0.2	4.05	1	-0.1	3.81	165.8	1.6	0	0.52
0.62	11.9	2	0	2	6	2	1	0	0	303.9	33.7	-1.7	104.3	394.7	0.6	0.451	2	0.9	0.261	270.3	2.4	0	2.58
0	12.1	2	0	2	7	2	2	0	0	300.6	27.1	-1.3	121.2	437.7	0.9	0.204	2	1.2	0.106	273.5	2.7	0	4.6
0	11.9	0	0	0	8	0	1	1	1	310.9	0	0.3	149.5	482.4	2.9	0.00324	0	3	0.00272	310.9	2.5	0	3.59
0	18.6	0	2	2	4	2	1	0	0	230.5	123.2	-124.2	69.7	285.1	-1.1	17.5	2	-1.6	53.2	107.4	1.9	0	2.55
0	11.3	2	2	4	4	2	1	0	0	228.8	95.6	-11.3	64.9	273.4	-1.1	17.5	2	-1.2	23.4	133.1	1.8	0	0.04
-0.02	20.9	2	0	2	10	2	5	0	0	405.1	21.3	0.4	182.3	622.3	2.1	0.0097	2	2.8	0.00214	383.8	3.7	0	4.21
0.01	15.6	2	1	3	12	2	2	1	1	389	63.9	-7.5	195.7	614.2	2.6	0.0023	2	2.7	0.00186	325.1	3.1	0	3.84
0	16.1	2	0	2	7	2	4	0	0	299.7	95.5	-11.6	116.2	421.3	0.1	1	2	-0.2	1.67	204.2	2.2	0	3.94
0	9.4	2	0	2	4	2	1	0	0	190.7	93.1	-12.3	57.7	247.2	-1.3	30.8	2	-1.7	61.3	97.6	1.4	0	2.43
0	17.2	0	0	0	12	6	0	1	0	395.5	0	-2.8	245.8	692.4	4.1	1.53e-05	0	4.3	1.1e-05	395.5	2.3	0	6.52
0	10.8	0	0	0	8	6	1	0	0	324.4	0	-1.9	184.3	548.4	3.3	0.000183	0	4	4.23e-05	324.4	1.9	0	5.23
-0.02	18.1	1	0	1	7	1	4	0	0	323.2	50.2	-5	134	473	1.4	0.0684	1	1.8	0.034	273	2.7	0	3.66
0	13.3	2	2	4	8	2	2	0	0	317.1	59.2	-4.4	140.7	475.5	0.7	0.215	2	0.6	0.276	257.9	2.5	1	1.13
0.03	12.7	2	0	2	9	2	3	0	0	355.1	25.5	-0.5	159.9	542.8	1.6	0.0302	2	2.1	0.0111	329.5	3.1	0	4.79
0	9.8	0	0	0	5	0	1	0	0	256.1	0	0.6	105.1	372.5	2	0.0411	0	2.6	0.0125	256.1	2.1	0	2.95
0	6.4	1	1	2	4	1	0	0	0	242.8	44.1	-3.6	78.9	311.4	0.3	1.15	1	0.3	1.33	198.7	1.8	0	0.78
109.5	10.5	1	1	2	11	1	1	1	0	416.2	35.5	-1.4	197.6	609	2.5	0.00332	1	3.4	0.00059	380.8	2.8	3	3.92
0	11	1	1	2	8	1	0	1	1	282.4	52	-5.8	134.7	442.7	1.9	0.0264	1	2.1	0.0178	230.5	2.4	0	3.29
0.01	11.7	0	0	0	8	2	0	1	1	278.1	0	-1.3	154.3	489.8	3.5	0.00057	0	3.3	0.000837	278.1	2.3	0	4.27
0.01	14.5	0	0	0	10	0	2	1	1	377.8	0	1.2	186.4	587.4	3.6	0.000598	0	4.1	0.00022	377.8	3	0	4.51
0	4.7	1	1	2	2	1	0	0	0	180.5	49.9	-6.5	39.9	193.8	-0.8	18.1	1	-0.6	12.7	130.6	1.3	0	0.05
0	12.6	3	0	3	12	3	1	1	1	344.2	85.9	-7.4	199.1	611.2	1.4	0.0253	3	1.4	0.0281	258.3	3.1	0	3.54
0	13.2	2	0	2	11	3	0	1	1	341.7	26.6	-4	180.8	574.1	2.6	0.00208	2	2.5	0.00277	315.1	3.1	0	4.15
0.04	9.6	2	0	2	5	2	0	0	0	253.8	42.3	-3.7	84.2	331.2	0.1	1.39	2	0.4	0.867	211.4	2.1	0	2.27
0	8.3	2	0	2	6	2	1	0	0	285.4	70.8	-3.2	104.2	382.7	0.6	0.466	2	1.7	0.0528	214.6	2.1	0	2.01
0	10.4	2	0	2	7	2	1	0	0	300.6	29.7	-3	119.2	424.5	0.9	0.204	2	1.3	0.0951	270.9	2.5	0	2.5
0	11.6	1	0	1	6	1	1	0	0	304	9.8	0	120	415	1.2	0.132	1	1.4	0.0858	294.3	2.1	0	2.12
0.07	10	0	0	0	8	0	0	1	1	312.3	0	-0.1	148.3	481	2.9	0.00324	0	3.1	0.00243	312.3	2.6	0	3.82
0	20.7	0	3	3	9	3	2	1	0	350.3	90.1	-92.7	150.1	500.4	-0.5	1.9	3	-1.6	14.9	260.2	2.7	0	1.82
0	10.3	0	0	0	10	0	0	2	2	281	0	-1.2	168.6	514.8	3.4	0.000936	0	3.2	0.00143	281	2.6	0	4.32
0.62	16.4	2	0	2	8	2	3	0	0	345.5	35.5	-1.2	143.4	509	1.4	0.0599	2	1.8	0.0236	310	3.1	0	3.81
0	15	0	1	1	5	1	2	0	0	273.3	69.2	-68.4	101.1	376.5	0.8	0.374	1	0.8	0.349	204.1	2.3	0	2.44
0	20.9	2	0	2	10	2	5	0	0	401.5	23.1	0.4	182.2	622.6	2.1	0.0097	2	2.8	0.00214	378.4	3.8	0	4.09
0.01	18.1	1	0	1	11	1	3	1	1	371	2.6	0.1	197.8	630.1	2.8	0.00199	1	3.5	0.000471	368.3	3.5	0	4.42
-0.09	28.5	0	1	1	11	1	8	0	0	439.9	68.9	-67.2	218.2	719.6	2.9	0.00148	1	3.8	0.00026	370.9	4.3	0	5.18
-0.12	33	0	1	1	13	1	10	0	0	485.5	69.2	-66.8	257.5	834.3	3.5	0.000301	1	4.8	2.35e-05	416.3	5	0	6.26
0	13.7	0	1	1	10	1	1	1	1	363.8	6.6	-0.4	180.2	574.2	2.5	0.00466	1	2.7	0.00346	357.1	3.1	0	3.44
-0.05	21.8	0	1	1	8	1	5	0	0	345.6	54.2	-52.7	159.7	548.3	1.9	0.0196	1	2.3	0.00952	291.3	3.3	0	3.72
-0.02	16.9	2	0	2	8	2	4	0	0	324	93.1	-75.2	139.3	487.9	1.4	0.0609	2	2.1	0.0161	230.9	2.8	0	2.76
-0.01	20.9	2	0	2	10	2	5	0	0	401.7	39.7	-1	182.5	623.4	2.1	0.0097	2	2.8	0.00214	362	3.7	0	4.56
-0.04	19.5	0	1	1	7	1	4	0	0	333.8	68.9	-68	140.1	490.7	1.6	0.0497	1	1.8	0.0316	264.8	3	0	3.25
1.93	11.1	0	1	1	8	1	0	1	1	288	15.7	-2.6	142.1	460.9	1.9	0.0268	1	1.6	0.0426	272.3	2.5	0	3.03
0.05	21.3	0	1	1	11	1	3	1	0	414.1	0	1.6	205.4	638.7	2.5	0.00332	1	3.3	0.000705	414.1	2.8	0	3.86
0	22.3	1	0	1	11	2	6	0	0	449.6	41.8	-2.2	206.8	675.4	2	0.00928	2	2	0.00855	407.7	3.5	0	3.25
0.05	19.9	0	0	0	11	1	2	1	1	389.3	0	0	200.5	611.1	2.8	0.00203	1	3.2	0.00104	389.3	2.9	0	3.96
0.08	20.6	1	2	3	8	2	4	0	0	360.5	42.9	-4.4	149.1	504.6	0.7	0.215	2	0	0.786	317.6	2.5	0	1.82
0	15.7	0	1	1	10	1	2	1	1	358.1	3.5	-5.6	181.5	566	2.5	0.00458	1	1.7	0.0206	354.6	2.8	0	3.55
0.03	15.4	0	0	0	9	1	0	1	1	316.2	0	-2.1	161.5	511	2.2	0.011	1	2.2	0.0115	316.2	2.6	0	3.27
0.29	8.8	1	0	1	5	2	0	0	0	248.5	28.4	-5.3	89.7	338.9	-0.3	3.14	2	-0.9	11.5	220.1	1.9	0	0.84
-0.05	23.7	2	0	2	11	2	7	0	0	403.9	93.1	-74.6	197.8	659.4	2.4	0.00418	2	3.5	0.000438	310.8	3.8	0	3.18
-0.08	26.3	0	1	1	10	1	7	0	0	406.3	69.2	-67.4	198.8	662.5	2.6	0.00341	1	3.3	0.000862	337.1	4	0	4.82
-0.06	24	0	1	1	9	1	6	0	0	379.4	69.2	-67.6	179.3	605.4	2.3	0.00805	1	2.8	0.00287	310.2	3.6	0	4.4
-0.05	22.4	1	0	1	10	1	7	0	0	394.6	64.4	-1.7	214.2	683.6	2.4	0.00494	1	3.3	0.000935	330.2	3.6	0	4.3
0	10.6	1	1	2	7	1	0	1	1	246.5	50.9	-5.9	116.9	391.1	1.5	0.0668	1	1.5	0.0659	195.6	2.1	0	6.22
0	14.7	2	0	2	7	2	3	0	0	289.4	75.2	-60.4	119.8	431	1	0.162	2	1.6	0.0534	214.1	2.5	0	3.12
-0.02	13.6	1	1	2	6	1	3	0	0	295.7	39.3	-3.1	118.2	428.2	1.2	0.132	1	1.3	0.104	256.4	2.5	0	2.21
0	15	0	1	1	5	1	2	0	0	273.3	69.2	-68.4	101.1	376.5	0.8	0.374	1	0.8	0.349	204.1	2.3	0	2.69
-0.02	18.6	0	0	0	11	0	4	1	1	417.6	0	0.9	208	654	3.9	0.000266	0	4.5	7.41e-05	417.6	3.5	0	4.94
0.03	22.5	2	2	4	13	3	4	1	1	406.9	66.1	-9.1	210.7	637.6	1.1	0.0347	3	0.6	0.0869	340.8	3	0	2.39
0	14.1	2	0	2	7	2	2	0	0	326.7	33.1	-1.2	123.9	451.8	1	0.159	2	1.4	0.0785	293.6	2.8	0	3.23
0	12.8	0	1	1	4	1	1	0	0	239.5	54.2	-53.5	81.6	319.5	0.3	1.15	1	0.3	1.16	185.3	2	0	2.28
-0.13	35.3	0	1	1	14	1	11	0	0	512.4	69.2	-66.6	277	891.4	3.7	0.000139	1	5.3	7.07e-06	443.2	5.4	0	6.45
-0.1	30.8	0	1	1	12	1	9	0	0	459.3	69.2	-67	237.9	776.9	3.2	0.000662	1	4.3	7.81e-05	390.1	4.7	0	2.91
2.33	11.6	0	1	1	8	2	0	1	1	270.4	55.7	-4.7	143.2	458.1	2.1	0.0112	1	1.7	0.025	214.6	2.4	0	4.35
0	11.9	1	1	2	8	2	0	1	1	267.3	45.8	-5.6	137.6	445.1	2.1	0.0111	1	2.2	0.0104	221.5	2.3	0	4
0	11	1	1	2	8	1	0	1	1	273.8	30.5	-3.5	134.4	440.1	1.9	0.0264	1	2.1	0.0178	243.3	2.3	0	3.9
0	11.7	0	0	0	8	2	0	1	1	275.1	0	-1.2	153.5	482.7	3.5	0.00057	0	3.3	0.000837	275.1	2.4	0	4.19
0	15.6	1	1	2	13	1	0	2	2	381.3	30.4	-4.4	209.3	621.1	3.1	0.00077	1	3.3	0.000573	351	3	0	4.5
0	10	0	0	0	8	0	0	1	1	305.6	0	-0.3	146.6	471.8	2.9	0.00324	0	3.1	0.00243	305.6	2.4	0	3.81
0	11.6	0	1	1	8	2	0	1	1	272.3	60.9	-5.1	143.5	462	2.1	0.0112	1	1.7	0.025	211.4	2.5	0	3.62
0	12.2	1	1	2	9	2	0	1	1	287.3	48.8	-5.5	154.3	490.7	2.5	0.00453	1	2.7	0.00281	238.5	2.5	0	4.4
0	11.9	1	1	2	8	2	0	1	1	265.7	50.9	-6.1	137.6	447	2.1	0.0111	1	2.2	0.0104	214.8	2.3	0	4.46
0	11	1	1	2	8	1	0	1	1	277	37.4	-4.2	134.7	442.7	1.9	0.0264	1	2.1	0.0178	239.6	2.5	0	3.76
0	11.7	0	0	0	8	2	0	1	1	277.8	0	-1.2	154.3	489.6	3.5	0.00057	0	3.3	0.000837	277.8	2.1	0	4.27
0	15.4	1	1	2	12	6	0	1	1	350.1	32.6	-6.5	248	705	5.1	7.21e-08	1	6	1.4e-08	317.5	2.6	0	6.72
0	10.4	0	0	0	7	5	1	0	0	305.8	0	-1.6	164.2	506.8	3	0.000628	0	3.1	0.000462	305.8	1.9	0	4.43
0.08	17.1	1	1	2	12	6	0	1	1	323.7	41.6	-6	217.3	638.5	4.4	1.15e-05	1	4.7	6.5e-06	282.1	2.5	0	6.04
0	15.9	1	0	1	11	6	0	1	1	309.2	11	-3.5	206.4	617.8	3.5	9.62e-05	1	4	3.37e-05	298.2	2.3	0	5.73
0	13.1	0	1	1	12	6	0	1	1	258.6	60.9	-0.8	154.4	492.3	3.7	0.000204	1	2.1	0.00488	197.7	2.4	0	3.69
0	14.1	1	0	1	13	6	0	1	1	267.9	44.7	-2.6	163.3	514.2	3.6	0.00018	1	2.7	0.00113	223.2	2.4	0	5.25
0	15.8	1	0	1	6	1	3	0	0	299.1	45.2	-4.2	114.5	416	1.1	0.182	1	1.3	0.113	253.9	2.4	0	3.82
0	13.3	1	1	2	9	1	1	1	1	311.7	37.4	-3.5	153.6	495.9	2.2	0.0108	1	2.6	0.00534	274.3	2.7	0	4.07
0	10.6	1	1	2	7	1	0	1	1	246.5	50.9	-5.9	116.9	391.1	1.5	0.0668	1	1.5	0.0659	195.6	2.1	0	3.5
-0.01	15.6	3	1	4	16	3	0	2	2	420.3	42.9	-5.2	240.3	719.6	3.5	0.000191	3	3.8	9.42e-05	377.4	3.7	0	5.27
0.01	10.7	2	0	2	10	2	0	2	2	275.5	63.2	-11.1	152.7	477.5	1.7	0.0259	2	1.1	0.0786	212.3	2.4	0	3.11
0	5.6	1	1	2	4	1	1	0	0	218	56.8	-6.4	77.4	299.8	0.2	1.64	1	-0.4	5.6	161.2	1.9	0	4.56
0	8.9	1	0	1	4	1	1	0	0	236.7	58.9	-2.7	96.8	340.2	0.2	1.67	1	0.3	1.26	177.8	1.8	0	1.56
0.02	11.2	0	0	0	12	0	1	1	1	386.9	0	1.4	218.1	650.7	4	0.00015	0	4.8	3.36e-05	386.9	3.2	0	3.51
0.02	12.8	1	1	2	12	1	2	1	1	366.7	36.7	-2.4	206.5	617.8	3.1	0.000889	1	3.9	0.000181	330	3	0	4.8
0.02	10.5	1	1	2	11	1	1	1	1	381.1	43.8	-3.3	189.1	576.1	2.8	0.00199	1	3.4	0.000602	337.3	2.8	0	4.47
0	10	0	0	0	8	0	0	1	1	308	0	-0.2	148.2	480.8	2.9	0.00324	0	3.1	0.00243	308	2.6	0	4.21
0	9.4	1	0	1	6	1	0	1	1	224.2	16.2	-3.2	105.4	360.3	0.5	0.661	1	0.8	0.341	208	1.9	0	2.9
0	10.5	1	0	1	10	1	0	2	2	286.2	13.9	-3.2	161.5	500.3	2.1	0.0124	1	2.1	0.0106	272.3	2.6	0	3.45
0	12.2	0	1	1	5	1	1	0	0	271.9	48	-46.6	100.6	370.9	0.8	0.374	1	0.8	0.404	223.9	2	1	2.42
0.14	11.3	0	0	0	8	0	0	1	1	278.3	0	-0.4	145.9	466	2.9	0.00401	0	2.9	0.00368	278.3	2.5	0	3.51
0.92	12.2	2	0	2	8	2	1	0	0	348.1	14.2	1	140.3	478.6	1.4	0.0599	2	1.7	0.0294	333.9	2.5	0	2.55
0	12.6	0	1	1	9	1	2	0	0	367.7	34.3	-31.8	169.5	530.5	2.3	0.00805	1	2.6	0.00444	333.4	2.4	0	3.72
0	10	0	0	0	6	4	0	0	0	255.3	0	-1.5	136.9	448	2.5	0.00308	0	3	0.00114	255.3	1.8	0	3.91
0.04	15.8	1	1	2	11	5	0	1	1	306.9	45.8	-6.2	197.5	591.6	3.9	6.16e-05	1	4.1	4.11e-05	261.1	2.5	0	6.13
0	10.8	1	0	1	5	1	0	1	0	260.1	20.7	-2.9	90.7	341	0.4	0.837	1	0.9	0.296	239.5	1.8	0	1.52
0.15	11.9	1	1	2	11	1	1	1	1	375.3	29.5	-1.9	189.2	589.2	2.8	0.00199	1	3.5	0.000501	345.9	2.9	0	4.67
0	9.6	0	0	0	7	0	0	1	1	276.7	0	-0.4	130.5	429.3	2.6	0.0079	0	2.5	0.00903	276.7	2.3	0	3.42
0	13	0	0	0	5	3	0	0	0	243.1	0	-1.1	116.5	398	2.1	0.0115	0	2.5	0.00534	243.1	1.7	0	3.47
0	12.4	3	0	3	6	3	0	1	0	256.3	55.2	-4.7	89.5	335.8	-0.5	4.02	3	-0.6	4.13	201.1	1.8	0	1.18
0	26.1	0	1	1	10	1	6	0	0	435.5	0.2	2.3	202.1	660.5	2.6	0.00341	1	3	0.00157	435.4	3.1	0	3.45
