QikProp_.stars	QikProp_.amine	QikProp_.acid	QikProp_.amide	QikProp_.rotor	QikProp_.rtvFG	QikProp_CNS	QikProp_mol_MW	QikProp_dipole	QikProp_SASA	QikProp_FOSA	QikProp_FISA	QikProp_PISA	QikProp_WPSA	QikProp_volume	QikProp_donorHB	QikProp_accptHB	QikProp_dip.2.V	QikProp_ACxDN..5.SA	QikProp_glob	QikProp_QPpolrz	QikProp_QPlogPC16	QikProp_QPlogPoct	QikProp_QPlogPw	QikProp_QPlogPo.w	QikProp_QPlogS	QikProp_CIQPlogS	QikProp_QPlogHERG	QikProp_QPPCaco	QikProp_QPlogBB	QikProp_QPPMDCK	QikProp_QPlogKp	QikProp_IP.eV.	QikProp_EA.eV.	QikProp_.metab	QikProp_QPlogKhsa	QikProp_HumanOralAbsorption	QikProp_PercentHumanOralAbsorption	QikProp_SAfluorine	QikProp_SAamideO	QikProp_PSA	QikProp_.NandO	QikProp_RuleOfFive	QikProp_.ringatoms	QikProp_.in56	QikProp_.noncon	QikProp_.nonHatm	QikProp_RuleOfThree	QikProp_ACxDN..5.SAxSASA.MW	Activity
6	0	0	0	1	0	2	177.458	3.953	317.365	125.815	35.716	0	155.835	492.235	1	0.75	0.0317504	0.0023632	0.9499933	12.903	4.698	6.204	2.763	2.124	-1.962	-2.391	-2.341	4541.561	0.622	10000	-2.082	10.596	0.26	1	-0.278	3	100	0	0	20.088	1	0	0	0	0	8	0	0.00422634	3.12
12	0	0	0	0	0	1	133.405	2.475	270.544	80.294	0	0	190.25	386.517	0	0	0.015848	0	0.9485059	9.314	3.242	2.902	0.437	2.489	-1.956	-1.84	-2.365	9906.038	0.353	10000	-1.52	10.829	0.343	0	-0.26	3	100	0	0	0	0	0	0	0	0	5	0	0	3.4
11	0	0	0	0	0	1	167.85	3.058	289.85	46.317	0	0	243.533	425.001	0	0	0.0220041	0	0.9431595	10.855	4.001	3.777	0.502	2.578	-2.07	-2.24	-2.452	9906.038	0.285	10000	-1.52	10.787	0.191	0	-0.148	3	100	0	0	0	0	0	0	0	0	6	0	0	3.92
12	0	0	0	0	0	1	133.405	3.978	269.934	79.935	0	0	189.999	385.101	0	0	0.041087	0	0.948327	9.258	3.221	3.227	0.435	2.49	-1.955	-1.825	-2.368	9906.038	0.352	10000	-1.52	10.598	-0.107	0	-0.264	3	100	0	0	0	0	0	0	0	0	5	0	0	3.21
12	0	0	0	0	0	1	96.944	1.923	239.95	48.402	0	44.69	146.858	325.865	0	0	0.0113442	0	0.9544128	7.314	2.593	2.017	0.652	1.859	-1.297	-1.208	-2.483	9906.038	0.289	10000	-1.362	9.902	-0.357	0	-0.436	3	100	0	0	0	0	0	0	0	0	4	0	0	2.84
7	0	0	0	0	0	1	215.894	3.04	348.424	0	0	105.399	243.026	540.507	0	0	0.0170976	0	0.920995	16.484	5.784	5.807	1.36	4.689	-4.867	-4.495	-3.313	9906.038	0.192	10000	-1.148	9.527	0.571	0	0.187	3	100	0	0	0	0	0	6	6	0	10	0	0	5.29
7	0	0	0	0	0	1	181.449	3.76	328.416	0	0	142.472	185.943	500.746	0	0	0.0282388	0	0.9285808	15.246	5.287	5.317	1.544	2.856	-3.058	-3.813	-3.367	9906.038	0.192	10000	-1.018	9.592	0.341	0	0.072	3	100	0	0	0	0	0	6	6	0	9	0	0	4.89
11	0	0	0	0	1	1	147.431	4.141	300.462	110.142	0	0	190.32	443.563	0	0	0.0386626	0	0.9361507	11.597	3.755	3.989	0.509	2.66	-2.194	-2.433	-2.565	9906.038	0.412	10000	-1.52	10.57	-0.428	0	-0.094	3	100	0	0	0	0	0	0	0	0	6	0	0	3.41
8	0	0	0	0	0	1	215.894	0.003	352.57	0	0	94.96	257.61	545.084	0	0	0	0	0.9152976	16.567	5.804	5.647	1.304	4.754	-4.949	-4.589	-3.355	9906.038	0.192	10000	-1.185	9.448	0.641	0	0.2	3	100	0	0	0	0	0	6	6	0	10	0	0	5.83
7	0	0	0	0	0	1	181.449	1.87	332.572	0	0	132.037	200.535	505.336	0	0	0.0069231	0	0.9225703	15.33	5.301	5.099	1.488	2.914	-3.133	-3.907	-3.415	9906.038	0.192	10000	-1.054	9.465	0.435	0	0.085	3	100	0	0	0	0	0	6	6	0	9	0	0	4.8
7	0	0	0	0	0	2	120.194	0.479	351.237	239.291	0	111.946	0	543.037	0	0	0.0004221	0	0.9164704	16.647	4.097	4.432	0.526	3.285	-3.19	-3.469	-3.417	9906.038	0.671	5899.293	-1.125	9.207	-0.464	3	0.194	3	100	0	0	0	0	0	6	6	0	9	0	0	4.19
13	0	0	0	0	0	1	98.96	0	252.982	105.128	0	0	147.853	348.358	0	0	0	0	0.9464405	7.787	2.456	1.944	0.38	1.49	-1.305	-1.442	-2.399	9906.038	0.402	10000	-1.52	10.704	-0.375	0	-0.371	3	100	0	0	0	0	0	0	0	0	4	0	0	2.9
11	0	0	0	0	1	2	112.986	3.986	277.957	149.865	0	0	128.092	400.827	0	0	0.0396394	0	0.9458568	9.887	2.939	3.114	0.433	2.446	-1.968	-1.989	-2.408	9906.038	0.492	10000	-1.52	10.468	-0.786	0	-0.218	3	100	0	0	0	0	0	0	0	0	5	0	0	2.93
10	1	0	0	2	0	2	87.164	1.37	295.777	248.721	47.056	0	0	444.34	2	1	0.0042245	0.0047814	0.9520889	10.344	3.4	5.772	4.224	0.443	0.841	0.602	-3.033	884.244	0.495	479.16	-4.257	9.35	-3.047	2	-0.607	3	82.279	0	0	24.145	1	0	0	0	0	6	0	0.0162249	2.49
2	2	0	0	3	0	2	130.189	3.385	341.454	261.123	80.332	0	0	530.686	2	5.2	0.0215934	0.021537	0.9283773	13.158	4.319	9.354	8.477	-1.029	1.613	1.596	-4.143	106.639	0.558	53.877	-6.837	9.109	-2.503	2	-0.795	2	57.213	0	0	42.731	3	0	6	6	4	9	0	0.0564863	1.31
8	2	0	0	3	0	0	74.125	1.03	262.914	152.594	110.32	0	0	372.856	4	2	0.0028455	0.0152141	0.9528948	6.841	3.482	8.264	8.269	-1.589	2	1.877	-3.747	55.403	0.37	26.547	-7.39	9.463	-2.648	4	-1.041	2	48.85	0	0	51.124	2	0	0	0	0	5	0	0.0539629	1.81
9	0	0	0	3	0	-1	76.095	2.645	254.535	160.607	93.927	0	0	356.593	2	3.4	0.0196168	0.0188907	0.9554326	6.191	2.75	6.039	6.587	-1.138	0.456	-0.251	-2.253	1274.053	-0.303	642.755	-2.963	10.969	-3.038	2	-0.934	3	75.861	0	0	43.182	2	0	0	0	0	5	0	0.0631887	0.13
7	0	0	0	1	0	2	330.801	0.916	357.286	0	40.007	94.715	222.564	551.021	1	0.75	0.001523	0.0020992	0.9097623	16.16	6.073	7.364	3.556	3.204	-3.089	-5.959	-3.444	4135.383	0.727	10000	-1.827	6.034	5.291	2	-0.119	3	100	0	0	20.445	1	0	6	6	0	10	0	0.00226727	4.71
8	0	0	0	0	0	1	181.449	0.002	336.742	0	0	121.595	215.148	509.941	0	0	0	0	0.9166724	15.415	5.318	5.079	1.432	2.977	-3.212	-4.001	-3.46	9906.038	0.192	10000	-1.091	9.756	0.384	0	0.098	3	100	0	0	0	0	0	6	6	0	9	0	0	4.74
11	0	0	0	2	2	2	201.888	2.06	295.043	136.348	0	0	158.695	425.093	0	0	0.0099828	0	0.9266914	9.574	3.204	2.65	0.043	2.555	-2.097	-2.241	-2.718	9906.038	0.465	10000	-1.327	11.089	0.658	0	-0.233	3	100	0	0	0	0	0	0	0	0	5	0	0	5.05
12	0	0	0	0	0	2	112.986	2.511	285.393	137.538	0	0	147.855	408.16	0	0	0.0154523	0	0.9324137	10.181	2.998	2.962	0.458	2.49	-2.004	-2.065	-2.626	9906.038	0.467	10000	-1.52	10.578	-0.672	0	-0.197	3	100	0	0	0	0	0	0	0	0	5	0	0	2.94
6	0	0	0	0	0	1	175.057	0.011	375.545	98.388	0	135.724	141.432	585.012	0	0	2e-07	0	0.9007687	18.554	5.564	5.804	1.596	3.656	-3.383	-3.906	-3.785	9906.038	0.389	10000	-1.041	9.871	0.346	2	0.316	3	100	0	0	0	0	0	6	6	0	10	0	0	6.65
8	0	0	0	0	0	1	235.906	0.002	321.703	0	0	167.541	154.163	481.857	0	0	0	0	0.923964	14.73	4.976	4.625	1.687	3.123	-2.957	-3.48	-3.561	9906.038	0.192	10000	-0.929	9.877	0.444	0	0.017	3	100	0	0	0	0	0	6	6	0	8	0	0	5.28
12	0	0	0	1	0	2	127.013	0	317.805	169.947	0	0	147.858	467.961	0	0	0	0	0.9172289	11.932	3.516	3.298	0.315	2.815	-2.715	-2.687	-2.871	9906.038	0.532	10000	-1.423	10.552	-0.832	0	-0.066	3	100	0	0	0	0	0	0	0	0	6	0	0	3.39
6	0	0	0	2	0	0	138.166	2.928	314.004	159.638	0	154.366	0	497.769	0	1.5	0.0172217	0	0.9673463	13.957	4.471	4.619	2.561	1.877	-1.633	-1.709	-2.797	9906.038	-0.174	5899.293	-0.784	8.642	-0.253	2	-0.423	3	100	0	0	16.839	2	0	6	6	0	10	0	0	3.07
12	0	0	0	0	0	-1	88.106	0	231.367	231.367	0	0	0	346.046	0	3.4	0	0	1.0302719	7.695	2.547	3.115	3.625	-0.272	1.256	1.502	-1.042	9906.038	-0.899	5899.293	-3.166	10.478	-2.632	2	-1.287	3	96.873	0	0	18.519	2	0	6	6	4	6	0	0	0.93
8	0	0	0	2	0	2	141.04	2.539	350.214	202.356	0	0	147.858	527.758	0	0	0.0122121	0	0.9018225	13.683	4.03	4.013	0.172	3.598	-3.575	-3.31	-3.121	9906.038	0.597	10000	-1.327	10.523	-0.924	0	0.065	3	100	0	0	0	0	0	0	0	0	7	0	0	3.75
5	0	0	0	0	0	2	154.252	1.608	369.945	369.945	0	0	0	609.336	0	0.75	0.0042422	0	0.9395774	18.232	4.247	5.312	1.348	2.373	-2.904	-3.515	-2.51	9906.038	0.59	5899.293	-0.954	10.401	-2.752	1	0.186	3	100	0	0	7.711	1	0	8	8	7	11	0	0	3.18
7	0	0	0	7	0	2	138.252	0.144	443.937	352.243	0	91.694	0	700.891	0	0	2.95e-05	0	0.8595625	18.277	5.167	4.61	-1.696	4.979	-5.173	-5.112	-4.242	9906.038	0.897	5899.293	-0.524	10.289	-1.22	2	0.355	3	100	0	0	0	0	0	0	0	0	10	0	0	5.68
9	1	0	0	3	0	0	75.11	2.762	257.523	158.231	99.292	0	0	362.907	3	2.7	0.0210283	0.0181597	0.955461	6.443	3.091	7.248	7.406	-0.961	1.414	0.723	-2.979	282.628	0.056	139.655	-5.124	9.307	-2.863	3	-0.945	2	65.194	0	0	46.468	2	0	0	0	0	5	0	0.0622626	1.47
7	0	0	0	1	0	1	111.119	4.671	288.987	0	61.655	180.526	46.806	422.57	1.5	1	0.0516274	0.0042381	0.9423658	11.839	3.991	6.836	5.04	1.796	-1.51	-1.29	-3.326	2577.653	0.155	2484.49	-1.924	8.299	-0.258	1	-0.559	3	100	46.806	0	26.357	1	0	6	6	0	8	0	0.011022	3.82
11	0	0	0	2	1	2	137.019	2.511	297.031	217.683	0	0	79.348	430.38	0	0	0.0146546	0	0.9281068	9.786	2.724	2.396	0.02	2.64	-2.534	-2.296	-2.695	9906.038	0.628	10000	-1.327	10.911	0.192	0	-0.218	3	100	0	0	0	0	0	0	0	0	5	0	0	3.57
7	0	0	0	5	1	2	179.099	2.589	394.262	314.913	0	0	79.348	609.775	0	0	0.0109909	0	0.8820513	15.039	4.269	3.989	-0.407	4.285	-4.201	-4.163	-3.441	9906.038	0.823	10000	-1.039	10.913	0.195	0	0.176	3	100	0	0	0	0	0	0	0	0	8	0	0	5.09
8	0	0	0	4	1	2	165.073	2.56	361.853	282.505	0	0	79.349	549.98	0	0	0.0119115	0	0.8971481	13.288	3.749	3.454	-0.265	4.001	-3.823	-3.541	-3.196	9906.038	0.758	10000	-1.135	10.912	0.194	0	0.045	3	100	0	0	0	0	0	0	0	0	7	0	0	4.68
7	0	0	0	6	1	2	193.126	2.581	426.67	347.321	0	0	79.349	669.573	0	0	0.0099473	0	0.8675036	16.79	4.801	4.522	-0.55	4.767	-5.15	-4.786	-3.676	9906.038	0.887	10000	-0.943	10.913	0.196	0	0.307	3	100	0	0	0	0	0	0	0	0	9	0	0	5.36
12	0	0	0	1	1	2	122.992	2.489	264.624	185.277	0	0	79.347	370.586	0	0	0.01672	0	0.9428909	8.035	2.197	1.876	0.163	1.843	-1.784	-1.674	-2.456	9906.038	0.563	10000	-1.423	10.913	0.189	0	-0.349	3	100	0	0	0	0	0	0	0	0	4	0	0	3.26
10	0	0	0	3	0	0	74.122	1.967	279.951	222.969	56.982	0	0	399.754	1	1.7	0.0096795	0.0060725	0.9374437	7.918	2.547	3.919	3.258	0.879	-0.089	-0.215	-2.544	2854.564	-0.05	1537.215	-2.282	10.928	-3.07	1	-0.725	3	93.94	0	0	23.242	1	0	0	0	0	5	0	0.0229352	1.59
7	0	0	0	0	0	1	126.585	2.486	319.915	87.87	0	160.321	71.724	480.223	0	0	0.0128686	0	0.9270265	14.596	4.36	4.338	1.605	3.123	-2.595	-2.815	-3.477	9906.038	0.368	10000	-0.955	9.454	-0.108	1	0.012	3	100	0	0	0	0	0	6	6	0	8	0	0	3.84
7	0	0	0	0	0	1	126.585	2.666	319.9	87.867	0	160.308	71.724	480.207	0	0	0.0148028	0	0.9270511	14.595	4.36	4.365	1.604	3.123	-2.595	-2.815	-3.477	9906.038	0.368	10000	-0.955	9.352	-0.09	1	0.012	3	100	0	0	0	0	0	6	6	0	8	0	0	4.33
6	0	0	0	0	0	1	162.618	2.112	351.128	0	0	288.372	62.755	551.034	0	0	0.0080985	0	0.9257328	18.652	5.966	5.854	2.548	3.448	-3.818	-4.31	-4.109	9906.038	0.192	10000	-0.504	8.86	0.66	0	0.218	3	100	0	0	0	0	0	10	10	0	11	0	0	4.85
0	0	0	0	2	0	-1	152.583	5.502	338.143	0	122.708	143.809	71.627	511.889	1.5	2.5	0.0591403	0.0090549	0.9151972	14.421	5.674	8.935	6.589	0.692	-1.895	-2.697	-3.59	679.613	-0.358	804.298	-3.082	8.629	0.503	1	-0.534	3	81.691	0	0	50.891	2	0	6	6	0	10	0	0.0200668	3.73
5	0	0	0	1	0	0	117.15	5.296	326.572	77.226	64.757	184.589	0	492.899	0	1.5	0.0569036	0	0.9240411	14.693	4.591	5.751	3.458	1.8	-1.927	-2.225	-3.641	2408.847	-0.002	1279.501	-1.967	9.975	0.497	1	-0.395	3	100	0	0	25.323	1	0	6	6	0	9	0	0	3.42
0	0	0	0	2	0	0	276.915	4.329	365.672	0	111.405	108.849	145.419	562.652	1	2.25	0.0333037	0.006153	0.9013621	16.119	6.176	8.54	5.388	1.802	-3.244	-5.263	-3.647	869.861	-0.114	2663.837	-2.997	9.83	1.089	1	-0.353	3	90.109	0	0	46.058	2	0	6	6	0	11	0	0.00812516	4.3
5	0	0	0	9	0	0	158.283	1.95	474.403	417.421	56.981	0	0	758.533	1	1.7	0.0050149	0.0035835	0.8478796	18.424	5.689	7.142	2.402	2.891	-2.692	-1.703	-3.993	2854.602	-0.507	1537.237	-1.706	10.932	-2.992	1	-0.046	3	100	0	0	23.241	1	0	0	0	0	11	0	0.0107404	4.82
3	0	0	0	10	0	0	184.321	1.269	528.258	441.351	54.06	32.847	0	856.015	1	1.7	0.0018813	0.0032181	0.8253534	21.996	6.816	8.298	2.515	3.559	-3.63	-2.219	-4.515	3042.619	-0.568	1646.962	-1.44	9.497	-1.208	1	0.178	3	100	0	0	20.354	1	0	0	0	0	13	0	0.00922297	5.27
6	0	0	0	6	0	0	116.203	1.992	377.18	320.198	56.982	0	0	579.146	1	1.7	0.0068487	0.0045071	0.8908591	13.171	4.082	5.524	2.83	2.613	-1.764	-0.905	-3.298	2854.586	-0.277	1537.228	-1.994	10.93	-3.009	1	-0.4	3	100	0	0	23.241	1	0	0	0	0	8	0	0.0146295	3.51
8	0	0	0	5	0	0	102.176	1.957	344.771	287.789	56.982	0	0	519.351	1	1.7	0.0073706	0.0049308	0.9063063	11.42	3.568	4.983	2.972	2.026	-1.22	-0.656	-3.048	2854.56	-0.2	1537.212	-2.09	10.929	-3.021	1	-0.512	3	100	0	0	23.241	1	0	0	0	0	7	0	0.0166379	2.94
6	0	0	0	2	0	1	124.139	1.697	301.384	79.817	54.422	167.145	0	459.928	1	1.5	0.0062622	0.004977	0.9561036	12.564	4.626	5.707	4.452	1.18	-0.805	-1.463	-3.039	3018.676	0.046	1632.958	-1.742	9.035	-0.34	2	-0.502	3	96.136	0	0	30.882	2	0	6	6	0	9	0	0.0120831	3.22
5	1	0	0	6	0	1	129.245	1.449	406.458	358.619	47.839	0	0	638.748	2	1	0.0032885	0.0034794	0.8824756	15.556	4.82	7.324	3.613	1.679	-0.744	-0.162	-4.16	869.252	0.191	470.385	-3.888	9.373	-3.024	2	-0.269	3	89.384	0	0	24.396	1	0	0	0	0	9	0	0.0109422	4.4
6	0	0	0	0	0	1	142.2	0.466	357.383	76.802	0	280.58	0	563.056	0	0	0.0003857	0	0.9227115	19.059	5.567	5.562	1.888	3.481	-3.633	-3.677	-4.121	9906.038	0.346	5899.293	-0.531	8.717	0.43	1	0.253	3	100	0	0	0	0	0	10	10	0	11	0	0	4.2
2	0	0	0	1	0	1	144.173	1.855	341.256	0	46.029	295.227	0	531.772	1	0.75	0.0064742	0.0021978	0.9301822	17.305	5.963	7.121	4.844	2.7	-2.232	-2.308	-4.07	3625.825	0.149	1990.685	-1.232	8.598	0.494	1	-0.171	3	100	0	0	20.903	1	0	10	10	0	11	0	0.00520217	4.54
5	0	0	0	8	0	0	144.256	1.988	441.995	385.014	56.982	0	0	698.738	1	1.7	0.0056567	0.0038462	0.8615696	16.673	5.14	6.603	2.545	2.776	-2.382	-1.431	-3.772	2854.569	-0.43	1537.218	-1.802	10.932	-2.996	1	-0.166	3	100	0	0	23.241	1	0	0	0	0	10	0	0.0117846	4.41
5	0	0	0	7	0	0	130.23	1.952	409.588	352.605	56.982	0	0	638.943	1	1.7	0.0059663	0.0041505	0.8759102	14.922	4.605	6.059	2.687	2.991	-2.27	-1.164	-3.54	2854.558	-0.354	1537.211	-1.898	10.931	-3.001	1	-0.284	3	100	0	0	23.241	1	0	0	0	0	9	0	0.0130538	3.98
6	0	0	0	6	0	0	126.198	1.7	387.618	287.17	45.273	55.174	0	593.968	1.5	1.7	0.0048636	0.0053714	0.8815965	14.291	4.581	6.627	3.883	2.406	-1.739	-1.06	-3.711	3686.151	-0.186	2026.509	-1.583	11.081	-1.714	1	-0.412	3	100	0	0	21.386	1	0	0	0	0	9	0	0.0164983	5.49
11	0	0	0	2	0	1	60.096	2.024	247.544	190.562	56.982	0	0	339.96	1	1.7	0.0120506	0.0068675	0.9516217	6.167	2.008	3.404	3.4	0.25	0.612	-0.049	-2.315	2854.543	0.023	1537.203	-2.378	10.928	-3.122	1	-0.822	3	90.258	0	0	23.242	1	0	0	0	0	4	0	0.0282882	1.12
5	0	0	0	10	0	0	172.31	1.987	506.816	449.834	56.982	0	0	818.335	1	1.7	0.0048225	0.0033543	0.834838	20.175	6.25	7.687	2.26	3.261	-3.237	-1.98	-4.204	2854.587	-0.584	1537.228	-1.61	10.933	-2.99	1	0.075	3	100	0	0	23.241	1	0	0	0	0	12	0	0.00986601	5.22
9	0	0	0	1	0	2	149.404	3.935	280.428	49.156	47.071	0	184.201	406.525	1	1.7	0.0380856	0.0060622	0.9463851	9.473	3.967	5.798	3.697	0.965	-1.119	-1.53	-2.4	3544.23	0.605	10000	-2.291	10.66	0.285	1	-0.621	3	96.128	0	0	21.757	1	0	0	0	0	6	0	0.0113786	2.8
10	1	0	0	2	0	2	87.164	1.56	292.375	243.335	49.04	0	0	442.301	2	1	0.0055031	0.004837	0.9602177	10.263	3.491	5.784	4.229	0.415	0.9	0.602	-2.902	846.743	0.487	457.233	-4.294	9.337	-3.095	2	-0.61	3	81.779	0	0	23.439	1	0	0	0	0	6	0	0.0162248	2.26
1	0	0	0	4	0	1	269.127	2.35	462.455	36.272	65.142	217.895	143.146	777.938	2	1.5	0.0070999	0.0045871	0.8845564	24.492	8.951	12.014	6.332	3.466	-3.823	-4.593	-4.439	2388.696	0.119	7713.499	-1.568	9.193	0.26	3	0.134	3	100	0	0	36.472	2	0	12	12	0	17	0	0.00788225	5.94
4	0	0	0	1	0	2	231.893	2.364	358.249	0	47.861	71.801	238.588	560.383	1	0.75	0.00997	0.0020935	0.9175644	16.316	6.261	7.632	3.461	3.503	-2.762	-3.883	-3.208	3483.671	0.71	10000	-2.053	9.368	0.649	1	-0.092	3	100	0	0	21.484	1	0	6	6	0	11	0	0.00323423	5.74
5	0	0	0	1	0	2	231.893	0.695	359.963	0	41.292	69.76	248.911	562.26	1	0.75	0.0008602	0.0020835	0.9152342	16.372	6.27	7.537	3.411	3.515	-2.765	-3.883	-3.236	4020.926	0.785	10000	-1.939	9.3	0.644	1	-0.087	3	100	0	0	20.498	1	0	6	6	0	11	0	0.00323418	5.35
3	0	0	0	1	0	2	223.486	5.699	382.061	82.023	40.725	87.327	171.986	609.52	0	2	0.0532947	0	0.9099639	18.431	6.076	7.834	3.319	2.747	-3.23	-3.251	-3.405	4071.046	0.597	10000	-1.866	9.61	0.997	0	-0.19	3	100	0	0	25.448	1	0	6	6	0	12	0	0	5.05
2	0	0	0	1	0	2	196.463	5.785	341.245	0	54.554	106.359	180.331	527.008	1.5	1	0.0635051	0.0035891	0.9246501	15.31	5.965	8.688	4.659	3.311	-1.936	-2.985	-3.258	3009.967	0.52	10000	-2.054	8.443	0.139	1	-0.284	3	100	0	0	25.106	1	0	6	6	0	10	0	0.00623406	4.74
2	0	0	0	1	0	2	230.908	2.803	362.261	0	47.447	68.285	246.53	567.791	1.5	1	0.0138342	0.0033808	0.9153814	16.579	6.461	8.666	4.426	3.211	-2.848	-3.693	-3.227	3515.287	0.731	10000	-2.057	8.643	0.434	2	-0.174	3	100	0	0	23.852	1	0	6	6	0	11	0	0.00530398	5.93
3	0	0	0	1	0	1	136.193	1.989	356.279	228.088	35.234	92.957	0	557.712	1	0.75	0.0070945	0.0021051	0.9197029	16.411	4.632	6.417	3.431	2.229	-1.692	-1.906	-3.275	4589.569	0.226	2568.308	-1.745	8.93	-0.364	4	-0.1	3	100	0	0	18.244	1	0	6	6	0	10	0	0.00550691	4.22
10	0	0	0	1	0	2	82.145	0.549	304.88	245.636	0	59.243	0	452.266	0	0	0.0006659	0	0.9346145	11.869	2.912	2.677	-0.724	2.669	-2.536	-2.524	-2.873	9906.038	0.684	5899.293	-1.215	9.594	-0.716	2	-0.112	3	100	0	0	0	0	0	0	0	0	6	0	0	4.08
4	0	0	0	1	0	2	197.448	2.107	342.358	0	47.862	98.349	196.147	525.183	1	0.75	0.0084547	0.0021907	0.9195145	15.161	5.784	7.042	3.589	3.656	-1.697	-3.165	-3.303	3483.577	0.607	10000	-1.959	9.294	0.491	1	-0.19	3	100	0	0	21.484	1	0	6	6	0	10	0	0.00379849	5.34
2	0	0	0	1	0	2	196.463	2.838	346.442	0	47.462	94.898	204.082	532.668	1.5	1	0.0151257	0.0035352	0.9172864	15.428	5.986	8.116	4.554	3.413	-1.968	-2.985	-3.323	3514.122	0.628	10000	-1.964	8.448	0.184	1	-0.27	3	100	0	0	23.859	1	0	6	6	0	10	0	0.00623396	4.59
4	0	0	0	1	0	2	197.448	1.395	344.106	0	41.299	96.331	206.476	527.095	1	0.75	0.0036899	0.0021796	0.9170611	15.218	5.792	7.007	3.538	3.685	-1.672	-3.165	-3.333	4020.3	0.683	10000	-1.845	9.298	0.455	1	-0.185	3	100	0	0	20.501	1	0	6	6	0	10	0	0.00379854	4.64
3	0	0	0	1	0	1	136.193	1.636	364.038	252.784	35.235	76.018	0	567.64	1	0.75	0.0047173	0.0020602	0.9107538	16.647	4.53	6.422	3.335	2.249	-1.752	-1.906	-3.339	4589.529	0.22	2568.284	-1.805	8.851	-0.368	4	-0.073	3	100	0	0	18.244	1	0	6	6	0	10	0	0.00550683	4.02
3	0	0	0	4	0	1	262.434	1.972	533.941	522.38	6.629	4.932	0	988.703	1	0.75	0.0039339	0.0014046	0.8989087	30.893	7.905	11.106	2.404	5.102	-5.03	-4.522	-3.191	8571.133	0.268	5044.915	-1.24	8.829	-0.442	3	0.994	3	100	0	0	9.321	1	1	6	6	0	19	0	0.00285776	6.39
2	0	0	0	1	0	2	189.041	3.918	373.999	42.464	42.91	145.426	143.198	583.835	0	2	0.0262891	0	0.9032782	17.958	5.959	7.244	3.7	2.768	-2.753	-2.519	-3.791	3881.324	0.504	10000	-1.702	9.859	0.904	1	-0.265	3	100	0	0	26.546	1	0	6	6	0	11	0	0	4.21
3	0	0	0	1	0	1	162.018	4.249	325.402	0	54.556	132.955	137.891	491.853	1.5	1	0.0367127	0.0037638	0.9260504	14.158	5.479	7.752	4.787	2.661	-1.768	-2.286	-3.363	3009.857	0.417	9267.632	-1.961	8.338	-0.069	1	-0.378	3	100	0	0	25.106	1	0	6	6	0	9	0	0.00755933	4.07
3	0	0	0	1	0	1	175.014	1.563	341.543	12.224	73.286	123.024	133.009	526.004	0	2	0.0046422	0	0.9226695	15.429	5.508	6.163	3.672	2.034	-1.575	-2.222	-3.37	1999.545	0.256	5600.72	-2.341	9.827	0.97	0	-0.432	3	100	0	0	35.806	1	0	6	6	0	10	0	0	4.99
5	0	0	0	1	0	2	163.003	0.843	322.395	0	47.869	135.437	139.089	485.471	1	0.75	0.0014634	0.0023263	0.9265839	13.926	5.278	6.304	3.773	2.832	-1.459	-2.453	-3.366	3483.024	0.473	10000	-1.829	9.249	0.243	1	-0.3	3	100	0	0	21.486	1	0	6	6	0	9	0	0.00460107	4.3
5	0	0	0	0	0	1	161.03	2.382	338.293	78.47	0	126.364	133.459	517.246	0	0	0.010969	0	0.9211634	15.753	4.905	4.958	1.439	3.119	-2.705	-3.2	-3.41	9906.038	0.349	10000	-1.074	9.427	0.149	1	0.12	3	100	0	0	0	0	0	6	6	0	9	0	0	4.54
1	0	0	0	3	0	0	166.176	4.501	355.266	177.949	74.708	102.609	0	571.896	0	3.5	0.0354319	0	0.9378993	15.787	5.09	6.797	4.566	0.999	-0.922	-1.338	-3.026	1938.421	-0.184	1011.69	-2.247	9.232	0.325	2	-0.785	3	91.636	0	0	51.614	3	0	6	6	0	12	0	0	3.92
7	0	0	0	3	0	1	116.203	1.914	341.124	312.056	29.068	0	0	536.815	1	1.7	0.0068257	0.0049835	0.9364159	13.403	3.883	5.654	3.215	1.577	-1.043	-0.905	-2.561	5251.042	0.162	2970.64	-1.767	10.931	-3.167	1	-0.374	3	100	0	0	17.787	1	0	0	0	0	8	0	0.0146295	2.85
10	0	0	0	1	0	2	82.145	0.5	310.736	254.046	0	56.69	0	453.277	0	0	0.0005519	0	0.918365	11.885	2.717	2.65	-0.44	2.748	-2.538	-2.534	-3.123	9906.038	0.701	5899.293	-1.224	9.061	-0.35	2	-0.109	3	100	0	0	0	0	0	0	0	0	6	0	0	3.61
4	0	0	0	1	0	1	122.166	2.041	336.037	170.314	44.837	120.887	0	513.069	1	0.75	0.0081185	0.0022319	0.9223483	14.891	4.435	5.996	3.638	2.225	-1.453	-1.624	-3.365	3721.472	0.152	2047.506	-1.824	8.932	-0.346	3	-0.224	3	100	0	0	20.356	1	0	6	6	0	9	0	0.0061392	3.86
8	0	0	0	1	0	2	110.199	0.004	361.592	329.304	0	32.288	0	555.67	0	0	0	0	0.9039767	15.75	3.548	3.925	-0.383	3.382	-3.608	-3.6	-3.24	9906.038	0.851	5899.293	-1.31	8.749	-0.369	4	0.189	3	100	0	0	0	0	0	0	0	0	8	0	0	4.46
1	0	0	0	3	0	1	177.289	2.353	436.955	315.72	36.249	84.986	0	722.978	1.5	1	0.0076609	0.0028029	0.8915481	21.665	6.181	9.007	4.116	3.048	-3.163	-2.594	-3.692	4489.022	0.079	2507.546	-1.6	8.013	-0.607	6	0.166	3	100	0	0	21.37	1	0	6	6	0	13	0	0.00690816	4.1
4	0	0	0	2	0	1	152.193	2.393	369.926	256.11	0	113.816	0	576.731	0	1.5	0.0099275	0	0.9058007	16.73	4.371	5.316	2.42	2.817	-2.399	-2.531	-3.599	9906.038	0.019	5899.293	-0.927	8.999	-0.446	3	-0.194	3	100	0	0	14.269	2	0	6	6	0	11	0	0	3.88
3	0	0	0	3	0	1	220.354	2.026	480.137	447.018	6.628	26.491	0	846.634	1	0.75	0.0048498	0.0015621	0.9014265	26.055	6.741	9.454	2.642	4.196	-4.189	-3.642	-3.253	8571.208	0.328	5044.963	-1.26	8.806	-0.424	4	0.631	3	100	0	0	9.321	1	0	6	6	0	16	0	0.00340371	5.78
3	0	0	0	3	0	1	134.177	1.859	353.531	103.831	39.852	209.847	0	551.851	1	0.75	0.0062623	0.0021215	0.9203481	16.009	5.432	6.411	3.81	2.228	-1.291	-1.865	-3.822	4149.352	0.069	2303.104	-1.227	9.147	-0.284	2	-0.201	3	100	0	0	20.472	1	0	6	6	0	10	0	0.00558975	3.95
9	1	0	0	3	0	-1	61.083	2.898	231.03	116.582	114.447	0	0	310.097	3	2.7	0.0270808	0.0202422	0.9590234	4.33	2.597	6.684	7.445	-1.318	1.708	0.67	-2.921	203	-0.048	97.66	-5.403	9.326	-2.86	3	-1.008	2	60.527	0	0	49.433	2	0	0	0	0	4	0	0.0765607	1.47
10	1	0	0	2	0	2	73.138	1.384	275.412	227.518	47.894	0	0	398.79	2	1	0.0048	0.0051349	0.9513618	8.521	2.874	5.149	4.181	0.095	1.393	0.824	-3.045	868.201	0.489	469.77	-4.273	9.37	-3.047	2	-0.724	3	80.099	0	0	24.404	1	0	0	0	0	5	0	0.0193362	2.42
10	0	0	0	2	0	1	74.122	1.961	274.621	232.362	42.259	0	0	393.828	1	1.7	0.0097674	0.0061903	0.9461684	8.323	2.483	4.036	3.365	0.759	0.054	-0.215	-2.403	3936.949	0.128	2175.942	-2.106	11.104	-3.199	1	-0.695	3	95.739	0	0	21.113	1	0	0	0	0	5	0	0.022935	1.31
8	0	0	0	1	1	1	72.107	3.575	269.923	224.595	45.328	0	0	382.603	0	2	0.0333992	0	0.9442579	8.516	2.12	3.184	2.426	0.29	0.479	0.324	-2.434	3681.769	0.164	2023.905	-2.259	10.666	-0.882	1	-0.849	3	92.471	0	0	27.42	1	0	0	0	0	5	0	0	1.35
9	0	0	0	2	0	0	70.091	1.88	270.811	175.994	60.662	34.155	0	367.435	1	1.7	0.0096221	0.0062774	0.9161204	7.593	2.153	3.888	3.714	0.678	-0.067	-0.162	-3.052	2634.156	-0.039	1409.333	-2.325	10.426	-1.772	2	-0.768	3	92.14	0	0	23.522	1	0	0	0	0	5	0	0.024254	3.84
8	0	0	0	4	0	-1	86.09	0	285.44	133.803	121.322	30.316	0	392.44	2	3.4	0	0.0168453	0.9081659	7.273	2.993	6.225	6.833	-0.386	0.672	-0.283	-3.163	700.491	-0.658	336.704	-3.265	10.354	-1.591	2	-0.961	3	75.61	0	0	47.044	2	0	0	0	0	6	0	0.0558523	3.21
2	0	0	0	1	0	1	141.6	2.263	332.737	87.83	54.554	124.134	66.219	506.482	1.5	1	0.0101071	0.0036808	0.9235059	14.659	5.046	7.188	4.72	2.063	-1.742	-1.879	-3.362	3009.974	0.239	3752.881	-1.992	8.149	-0.329	2	-0.339	3	100	0	0	25.103	1	0	6	6	0	9	0	0.00864928	3.59
4	0	0	0	1	0	1	158.559	4.881	323.038	12.231	69.087	145.162	96.557	493.609	0	2	0.0482733	0	0.9350475	14.344	4.68	6.237	3.737	1.586	-1.343	-1.872	-3.275	2191.512	0.213	3904.743	-2.185	10.043	0.969	0	-0.527	3	96.024	35.168	0	34.691	1	0	6	6	0	10	0	0	4.23
7	0	0	0	0	0	1	126.585	1.953	314.126	78.481	0	173.898	61.747	472.891	0	0	0.0080663	0	0.9344761	14.432	4.388	4.201	1.68	3.087	-2.358	-2.739	-3.422	9906.038	0.349	10000	-0.907	9.439	-0.119	1	-0.009	3	100	0	0	0	0	0	6	6	0	8	0	0	4.23
3	0	0	0	1	0	1	151.595	6.41	345.957	77.223	60.008	144.745	63.98	532.739	0	1.5	0.0771264	0	0.9186549	15.906	5.112	6.673	3.224	1.942	-2.237	-2.956	-3.539	2672.053	0.186	3207.771	-2.02	9.821	0.694	1	-0.279	3	100	0	0	25.324	1	0	6	6	0	10	0	0	4
3	0	0	0	7	1	0	156.267	3.47	463.169	418.183	44.986	0	0	740.257	0	2	0.0162698	0	0.8544376	18.976	5.223	6.221	1.566	2.841	-2.737	-1.464	-3.887	3709.341	-0.269	2040.293	-1.677	10.66	-0.872	1	-0.065	3	100	0	0	27.389	1	0	0	0	0	11	0	0	4.5
4	0	0	0	1	0	1	122.169	1.618	337.514	154.967	11.393	171.154	0	515.126	0	1.5	0.0050852	0	0.9207658	15.454	4.332	5.014	3.03	2.258	-1.878	-1.331	-3.63	7724.379	0.414	4508.431	-1.031	8.191	-0.346	2	-0.33	3	100	0	0	12.223	2	0	6	6	0	9	0	0	2.98
3	1	0	0	5	0	1	145.244	1.895	356.014	310.159	45.855	0	0	595.842	1	3.7	0.0060243	0.0103928	0.9618745	14.481	4.891	7.17	4.894	0.697	0.37	0.188	-2.875	907.721	0.33	492.926	-3.947	8.928	-2.745	2	-0.588	3	83.97	0	0	26.326	2	0	0	0	0	10	0	0.0254743	2.86
3	0	0	0	9	1	0	184.321	3.466	527.985	483.003	44.982	0	0	859.847	0	2	0.0139677	0	0.8282431	22.478	6.344	7.285	1.28	3.619	-3.71	-2.06	-4.311	3709.647	-0.416	2040.474	-1.484	10.66	-0.871	1	0.197	3	100	0	0	27.388	1	0	0	0	0	13	0	0	5.19
5	0	0	0	4	1	0	132.159	3.342	391.673	333.572	58.101	0	0	582.071	0	3.7	0.0191921	0	0.8607806	14.572	3.627	5.816	3.819	0.889	-1.051	-0.163	-3.785	2785.679	-0.2	1497.158	-2.206	10.678	-1.215	1	-0.852	3	93.806	0	0	46.652	3	0	0	0	0	9	0	0	3.5
5	0	0	0	6	0	0	130.23	1.903	387.517	338.354	49.162	0	0	612.737	1	1.7	0.0059094	0.0043869	0.9003074	14.515	4.479	5.964	2.802	2.488	-1.804	-1.164	-3.145	3386.061	-0.202	1848.789	-1.849	10.849	-3.113	1	-0.307	3	100	0	0	21.76	1	0	0	0	0	9	0	0.0130538	3.66
7	1	0	0	4	0	1	89.137	1.403	306.886	241.54	65.346	0	0	443.772	2	3.2	0.0044349	0.0147465	0.9168419	9.037	3.104	6.473	6.101	-0.301	0.914	0.733	-3.604	593.095	0.203	311.175	-4.402	9.195	-2.919	2	-0.85	2	74.817	0	0	36.024	2	0	0	0	0	6	0	0.0507701	1.78
5	0	0	0	1	0	1	124.114	3.46	305.409	15.919	74.766	176.547	38.176	457.396	0	2	0.0261771	0	0.9400376	13.195	4.141	5.33	3.926	1.531	-1.234	-1.141	-3.344	1935.935	0.033	1635.212	-2.18	10.205	0.789	0	-0.632	3	94.741	38.176	0	36.26	1	0	6	6	0	9	0	0	4.96
5	0	0	0	4	1	0	114.187	3.525	365.947	320.962	44.985	0	0	560.87	0	2	0.0221549	0	0.8987841	13.724	3.644	4.659	1.993	1.563	-1.234	-0.57	-3.17	3709.456	-0.049	2040.361	-1.965	10.657	-0.875	1	-0.459	3	100	0	0	27.389	1	0	0	0	0	8	0	0	2.94
6	0	0	0	3	1	1	100.16	3.499	333.535	288.55	44.985	0	0	501.07	0	2	0.0244307	0	0.914722	11.973	3.14	4.142	2.136	1.287	-0.858	-0.272	-2.912	3709.438	0.024	2040.35	-2.061	10.658	-0.878	1	-0.59	3	100	0	0	27.389	1	0	0	0	0	7	0	0	2.37
1	0	0	0	4	0	0	182.176	4.277	362.85	177.921	110.645	74.284	0	588.632	0	3.25	0.0310711	0	0.9361259	15.544	5.301	6.615	4.169	0.874	-0.74	-1.794	-2.92	884.414	-0.519	433.203	-2.913	9.316	0.435	3	-0.712	3	84.802	0	0	69.566	4	0	6	6	0	13	0	0	4.83
3	0	0	0	2	0	-1	201.019	2.939	336.575	15.039	119.088	125.455	76.993	515.238	0	1.75	0.0167686	0	0.9234678	14.38	5.343	5.748	3.502	1.545	-1.667	-2.89	-3.369	735.515	-0.299	937.387	-3.08	9.617	0.826	1	-0.439	3	87.299	0	0	56.57	2	0	6	6	0	10	0	0	5.19
3	0	0	0	2	0	-1	156.568	3.366	332	15.039	119.084	126.251	71.626	507.087	0	1.75	0.0223494	0	0.9262935	14.061	5.251	5.692	3.494	1.579	-1.592	-1.946	-3.327	735.568	-0.307	876.096	-3.077	9.387	0.811	1	-0.463	3	87.497	0	0	56.569	2	0	6	6	0	10	0	0	5.31
6	0	0	0	2	0	-1	122.123	2.088	307.861	15.044	119.093	173.724	0	462.778	0	1.75	0.0094175	0	0.9398505	12.741	4.74	4.799	3.734	1.288	-0.598	-1.214	-3.334	735.433	-0.456	354.894	-2.91	9.545	0.605	1	-0.592	3	85.795	0	0	56.572	2	0	6	6	0	9	0	0	4.73
6	0	0	0	4	1	0	116.116	3.024	333.778	177.574	105.104	51.1	0	488.793	1	3.7	0.0187095	0.0110852	0.8990638	11.327	3.843	6.53	5.811	0.079	-0.485	-0.399	-3.409	998.155	-0.544	493.723	-2.893	10.913	-0.046	1	-0.827	3	81.089	0	0	59.294	3	0	0	0	0	8	0	0.0318647	4.38
1	0	0	0	4	1	0	130.143	3.449	356.859	223.701	96.864	36.294	0	540.956	1	3.7	0.0219857	0.0103682	0.8997256	13.273	4.28	7.189	5.71	0.35	-0.916	-0.612	-3.328	1194.924	-0.475	599.716	-2.793	10.445	-0.086	2	-0.706	3	84.073	0	0	57.258	3	0	0	0	0	9	0	0.0284302	2.76
2	0	0	0	4	1	0	130.143	3.07	356.026	213.606	91.516	50.904	0	540.211	1	3.7	0.0174471	0.0103925	0.9010012	13.383	4.35	7.165	5.771	0.587	-1.013	-0.612	-3.377	1342.924	-0.429	680.391	-2.643	10.917	-0.043	1	-0.707	3	86.372	0	0	56.913	3	0	0	0	0	9	0	0.0284303	4.59
8	1	0	0	3	0	1	75.11	2.473	264.226	202.338	61.888	0	0	371.966	2	2.7	0.0164376	0.0144512	0.946653	6.806	2.594	5.659	5.703	-0.688	1.256	0.797	-3.121	639.61	0.321	337.635	-4.435	9.339	-2.502	3	-0.895	2	73.14	0	0	35.524	2	0	0	0	0	5	0	0.0508372	2.16
11	0	0	0	2	0	1	74.122	1.912	270.859	221.166	49.693	0	0	390.222	1	1.7	0.0093706	0.0062763	0.9534447	8.178	2.586	4.028	3.407	0.759	0.046	-0.215	-2.285	3347.029	0.079	1825.765	-2.243	10.953	-3.13	1	-0.701	3	94.476	0	0	21.939	1	0	0	0	0	5	0	0.0229351	1.69
11	0	0	0	1	0	1	74.122	2.036	268.992	226.118	42.875	0	0	388.578	1	0.75	0.0106638	0.0027882	0.957364	8.755	2.569	3.74	2.641	0.358	0.386	-0.341	-2.222	3884.355	0.191	2144.539	-2.214	11.235	-3.229	1	-0.561	3	93.281	0	0	21.572	1	0	0	0	0	5	0	0.0101185	1.06
8	0	0	0	0	0	1	93.128	1.605	290.711	91.606	19.355	179.75	0	424.418	0	1	0.0060696	0	0.9395075	12.548	3.636	3.864	2.758	1.27	-0.238	-0.946	-3.368	6491.697	0.417	3736.053	-1.243	9.929	-0.054	2	-0.417	3	100	0	0	11.579	1	0	6	6	0	7	0	0	2.02
2	0	0	0	1	0	1	144.173	1.239	344.285	0	54.152	290.133	0	535.345	1	0.75	0.0028657	0.0021784	0.9261243	17.399	5.979	7.129	4.872	2.694	-2.237	-2.308	-4.111	3036.5	0.082	1643.382	-1.399	8.73	0.493	1	-0.161	3	100	0	0	22.411	1	0	10	10	0	11	0	0.00520202	4.62
3	0	0	0	6	1	0	142.241	3.511	430.765	385.78	44.985	0	0	680.465	0	2	0.0181154	0	0.868551	17.226	4.683	5.699	1.708	2.489	-2.273	-1.166	-3.659	3709.418	-0.196	2040.338	-1.773	10.659	-0.873	1	-0.196	3	100	0	0	27.389	1	0	0	0	0	10	0	0	3.97
4	0	0	0	5	1	0	128.214	3.479	398.359	353.373	44.985	0	0	620.67	0	2	0.0195001	0	0.8833471	15.475	4.157	5.17	1.851	2.114	-1.769	-0.868	-3.42	3709.405	-0.122	2040.331	-1.869	10.658	-0.874	1	-0.327	3	100	0	0	27.389	1	0	0	0	0	9	0	0	3.45
7	0	0	0	2	1	1	86.133	3.568	301.127	256.142	44.985	0	0	441.273	0	2	0.0288418	0	0.9308676	10.222	2.641	3.655	2.278	1.206	-0.746	0.026	-2.651	3709.438	0.097	2040.35	-2.157	10.653	-0.88	1	-0.721	3	100	0	0	27.389	1	0	0	0	0	6	0	0	1.84
1	0	0	0	4	0	0	138.166	2.782	358.881	97.666	55.011	206.204	0	545.418	1	2.45	0.014185	0.0068268	0.8995684	15.074	5.232	7.105	5.355	1.606	-1.137	-1.459	-4.14	2980.104	-0.131	1610.416	-1.423	9.07	-0.416	2	-0.513	3	100	0	0	30.877	2	0	6	6	0	10	0	0.0177324	2.6
6	0	0	0	1	0	0	104.111	6.459	295.197	0	94.746	200.451	0	428.149	0	2.5	0.0974475	0	0.9306432	12.253	4.25	6.183	4.679	0.004	-1.279	-1.484	-3.61	1251.486	-0.226	630.458	-2.464	10.514	0.845	1	-0.85	3	82.406	0	0	37.69	2	0	6	6	0	8	0	0	2.16
2	0	0	0	3	0	-1	253.13	0.01	452.708	0	108.905	211.466	132.338	742.006	3	2	1e-07	0.007652	0.8755588	23.634	8.937	13.498	8.736	2.233	-3.263	-3.958	-4.554	918.665	-0.24	2395.927	-2.494	7.733	0.113	3	-0.113	3	93.057	0	0	50.147	2	0	12	12	0	16	0	0.0136851	5.09
10	0	0	0	1	0	1	100.16	3.685	302.932	264.324	38.607	0	0	471.496	0	2	0.0288037	0	0.9671026	12.073	3.369	4.361	2.46	0.919	-0.366	-0.272	-2.064	4263.685	0.228	2371.773	-2.135	10.529	-0.901	0	-0.591	3	100	0	0	24.588	1	0	0	0	0	7	0	0	3.06
7	1	0	0	3	0	1	101.191	1.328	319.461	255.345	64.116	0	0	492.826	2	1	0.0035772	0.0044269	0.9445158	11.643	3.97	6.256	4.176	0.649	0.321	0.359	-3.156	609.24	0.302	320.34	-4.476	9.364	-3.036	2	-0.524	3	80.589	0	0	27.224	1	0	0	0	0	7	0	0.0139758	2.23
2	0	0	0	1	0	1	162.018	6.006	324.252	0	61.642	133.866	128.744	490.686	1.5	1	0.0735121	0.0037771	0.9278657	14.12	5.478	8.238	4.836	2.617	-1.743	-2.286	-3.338	2578.396	0.342	6985.982	-2.088	8.36	-0.088	1	-0.381	3	100	0	0	26.35	1	0	6	6	0	9	0	0.00755924	4.32
5	0	0	0	0	0	1	161.03	3.936	339.919	87.865	0	123.216	128.838	519.984	0	0	0.0297946	0	0.9199903	15.832	4.868	5.213	1.42	3.126	-2.717	-3.229	-3.414	9906.038	0.368	10000	-1.085	9.362	0.141	1	0.128	3	100	0	0	0	0	0	6	6	0	9	0	0	4.74
4	0	0	0	1	0	1	122.166	2.203	331.96	151.341	54.439	126.181	0	506.596	1	0.75	0.0095797	0.0022593	0.9258063	14.683	4.506	6.005	3.729	2.223	-1.457	-1.624	-3.334	3017.558	0.08	1632.304	-1.982	8.949	-0.366	3	-0.241	3	100	0	0	22.469	1	0	6	6	0	9	0	0.00613916	3.94
9	0	0	0	2	0	1	94.541	3.998	273.14	142.229	56.982	0	73.929	386.003	1	1.7	0.0414072	0.0062239	0.938658	8.01	2.919	4.791	3.488	0.771	-0.014	-0.527	-2.525	2854.543	0.193	3905.824	-2.378	10.481	-1.011	1	-0.716	3	93.307	0	0	23.242	1	0	0	0	0	5	0	0.0179816	2.07
0	0	0	0	3	0	-1	152.149	4.881	339.759	98.614	129.929	111.216	0	531.968	1	3.5	0.0447794	0.0103014	0.9345116	14.271	5.306	8.128	6.427	0.901	-0.979	-1.399	-3.122	580.473	-0.609	274.806	-3.234	9.134	0.495	2	-0.639	3	81.686	0	0	66.819	3	0	6	6	0	11	0	0.0230037	3.12
8	0	0	0	1	1	1	86.133	3.515	292.737	253.408	39.329	0	0	433.118	0	2	0.0285249	0	0.9457109	10.537	2.686	3.791	2.44	0.532	-0.169	0.026	-2.41	4197.043	0.21	2331.729	-2.148	10.576	-0.884	1	-0.702	3	94.907	0	0	25.285	1	0	0	0	0	6	0	0	2
10	0	0	0	3	0	1	102.176	2.058	312.383	281.765	30.618	0	0	483.111	1	0.75	0.0087673	0.0024009	0.953182	11.254	3.501	4.45	2.221	1.571	-1.051	-0.869	-2.29	5076.358	0.158	2863.97	-1.796	11.091	-3.217	1	-0.388	3	100	0	0	18.735	1	0	0	0	0	7	0	0.00734028	2.18
8	0	0	0	2	0	0	86.133	3.63	291.991	217.876	74.115	0	0	431.695	0	2	0.0305282	0	0.946048	9.838	2.919	3.713	2.455	0.808	-0.168	0.026	-2.405	1963.675	-0.109	1025.944	-2.693	10.564	-0.853	1	-0.749	3	90.615	0	0	36.186	1	0	0	0	0	6	0	0	4.42
8	0	0	0	0	0	1	93.128	2.109	288.341	88.116	26.147	174.078	0	422.141	0	1.5	0.0105323	0	0.9438363	12.403	3.671	4.176	3.252	0.665	-0.12	-0.714	-3.271	5596.912	0.368	3182.686	-1.388	9.928	-0.043	3	-0.558	3	100	0	0	12.17	1	0	6	6	0	7	0	0	2.81
7	0	0	0	2	1	1	86.133	3.38	301.296	268.592	32.704	0	0	440.642	0	2	0.0259286	0	0.9294566	10.196	2.53	3.543	2.195	1.167	-0.7	0.026	-2.673	4850.325	0.191	2726.385	-1.93	10.597	-0.898	2	-0.723	3	100	0	0	24.87	1	0	0	0	0	6	0	0	1.75
5	0	0	0	1	0	0	107.112	4.493	291.79	18.927	101.855	171.008	0	430.777	0	3.5	0.0468581	0	0.9453597	12.077	4.301	5.978	5.504	-0.366	0.455	-0.084	-3.232	1071.545	-0.257	533.074	-2.698	10.23	0.828	2	-1.11	3	79.037	0	0	48.944	2	0	6	6	0	8	0	0	3.81
1	0	0	0	4	0	0	137.181	3.287	363.372	118.897	83.128	161.347	0	562.936	1	3.2	0.0191883	0.0088064	0.9073734	15.347	5.384	7.757	5.991	1.114	-1.255	-1.228	-3.8	1612.847	-0.351	829.342	-2.099	10.016	-0.007	4	-0.576	3	90.876	0	0	35.411	2	0	6	6	0	10	0	0.0233268	2.96
4	0	0	0	1	0	1	171.122	4.622	354.941	0.839	71.555	162.126	120.421	542.054	0	1.5	0.0394106	0	0.9058098	16.445	4.055	6.686	3.462	2.536	-2.944	-3.371	-3.829	2076.564	0.217	4977.725	-2.171	10.628	1.08	1	-0.252	3	100	120.421	0	25.658	1	0	6	6	0	12	0	0	3.56
3	0	0	0	1	0	0	121.138	2.948	318.667	81.837	77.03	159.8	0	482.33	0	3.5	0.0180124	0	0.9333783	14.033	4.49	6.104	5.324	0.476	-0.307	-0.382	-3.372	1842.568	-0.086	957.726	-2.28	10.275	0.747	2	-0.961	3	88.176	0	0	40.445	2	0	6	6	0	9	0	0	2.86
0	0	0	0	3	0	0	149.192	6.023	372.252	126.003	99.597	146.652	0	582.251	1.5	3	0.0623123	0.0098703	0.9058744	16.622	5.706	9.502	6.78	1.391	-1.751	-1.505	-3.754	1125.704	-0.426	562.255	-2.55	8.386	0.129	2	-0.471	3	89.704	0	0	51.902	2	0	6	6	0	11	0	0.0246276	3.01
0	0	0	0	2	0	0	183.209	3.469	387.41	0	69.217	318.193	0	634.354	0	3.5	0.0189664	0	0.9216132	20.987	7.061	8.723	6.293	1.767	-1.4	-2.059	-4.318	2185.325	-0.1	1151.666	-1.482	10.147	0.883	2	-0.562	3	100	0	0	38.61	2	0	12	12	0	14	0	0	3.25
3	0	0	0	1	0	1	172.024	4.412	308.779	0	61.647	170.085	77.048	459.045	1.5	1	0.0423989	0.0039664	0.9320099	13.199	5.059	7.3	5.027	1.833	-1.625	-2.487	-3.443	2578.137	0.219	3639.062	-1.96	8.329	-0.107	1	-0.465	3	100	0	0	26.35	1	0	6	6	0	8	0	0.00711959	3.56
1	0	0	0	4	0	0	149.235	2.206	405.597	194.683	61.64	149.274	0	642.165	1.5	1	0.007578	0.0030196	0.8874993	18.403	5.935	8.042	4.429	2.612	-2.348	-2.03	-4.064	2578.493	-0.199	1377.171	-1.746	8.041	-0.635	2	-0.101	3	100	0	0	26.346	1	0	6	6	0	11	0	0.00820679	4.17
4	0	0	0	1	0	1	140.569	2.646	323.183	18.815	75.628	157.11	71.631	488.7	0	2	0.0143284	0	0.92842	14.262	4.981	5.66	3.854	1.57	-1.298	-1.49	-3.439	1899.848	0.094	2443.454	-2.264	9.756	0.769	0	-0.541	3	94.82	0	0	36.692	1	0	6	6	0	9	0	0	4.81
2	0	0	0	10	0	0	233.396	2.231	600.062	389.136	61.641	149.284	0	1000.958	1.5	1	0.0049724	0.002041	0.8064544	28.909	9.248	11.292	3.574	4.727	-5.038	-3.745	-5.376	2578.422	-0.671	1377.13	-1.17	8.046	-0.629	2	0.643	3	100	0	0	26.347	1	0	6	6	0	17	0	0.00524742	6.57
1	0	0	0	2	0	0	149.192	5.491	374.044	168.211	77.049	128.784	0	589.068	0	3	0.0511911	0	0.9085588	17.366	5.18	7.328	4.533	1.057	-1.229	-1.209	-3.626	1841.805	-0.179	957.298	-2.294	8.226	0.166	1	-0.559	3	91.577	0	0	40.054	2	0	6	6	0	11	0	0	3.51
1	0	0	0	3	0	0	150.177	3.363	379.694	157.59	75.587	146.517	0	587.486	0	2.75	0.0192563	0	0.8934351	16.83	5.134	6.524	4.191	1.823	-1.774	-1.346	-3.955	1901.54	-0.249	990.901	-2.108	9.357	0.4	1	-0.54	3	96.309	0	0	44.591	2	0	6	6	0	11	0	0	3.74
3	0	0	0	2	0	0	121.182	2.17	340.989	130.008	61.64	149.341	0	522.699	1.5	1	0.0090128	0.0035917	0.9202928	14.906	4.952	6.967	4.716	1.797	-1.146	-1.481	-3.534	2578.493	-0.042	1377.171	-1.937	8.035	-0.641	2	-0.339	3	100	0	0	26.346	1	0	6	6	0	9	0	0.0101065	3.22
2	0	0	0	7	0	0	193.288	2.458	490.825	268.664	61.661	160.5	0	789.487	1.5	1.75	0.0076553	0.0043667	0.8416566	22.479	7.259	9.688	4.788	3.099	-3.297	-2.689	-4.86	2577.311	-0.439	1376.489	-1.418	7.826	-0.52	3	0.057	3	100	0	0	34.309	2	0	6	6	0	14	0	0.0110886	4.78
2	0	0	0	2	0	0	148.204	3.892	382.478	183.484	75.644	123.351	0	608.368	0	2	0.0249038	0	0.9078261	18.087	5.331	6.664	3.522	1.862	-1.87	-1.652	-3.612	1899.207	-0.169	989.586	-2.287	9.84	0.477	1	-0.236	3	96.527	0	0	36.7	1	0	6	6	0	11	0	0	4.35
7	0	0	0	2	0	1	124.139	0.174	301.36	79.819	54.424	167.118	0	459.906	1	1.5	6.6e-05	0.0049774	0.9561495	12.563	4.626	5.621	4.452	1.18	-0.805	-1.463	-3.039	3018.571	0.046	1632.896	-1.742	8.709	-0.213	2	-0.502	3	96.135	0	0	30.89	2	0	6	6	0	9	0	0.0120831	3.27
7	0	0	0	2	1	1	100.16	3.401	321.142	285.658	35.484	0	0	486.09	0	2	0.0238004	0	0.930991	12.015	3.085	4.164	2.262	1.287	-0.822	-0.272	-2.649	4564.643	0.17	2553.235	-1.981	10.559	-0.856	1	-0.591	3	100	0	0	24.26	1	0	0	0	0	7	0	0	2.27
4	0	0	0	1	0	1	107.155	2.077	311.541	87.831	61.64	162.07	0	465.518	1.5	1	0.0092679	0.0039313	0.9324127	13.382	4.537	6.514	4.952	1	-0.635	-1.216	-3.399	2578.493	0.031	1377.171	-1.989	8.009	-0.644	2	-0.447	3	93.857	0	0	26.346	1	0	6	6	0	8	0	0.0114298	2.83
8	0	0	0	0	0	1	93.128	2.353	288.767	88.339	26.146	174.282	0	422.604	0	1.5	0.0131015	0	0.9431328	12.423	3.669	4.217	3.255	0.668	-0.126	-0.714	-3.283	5596.994	0.368	3182.736	-1.387	9.999	-0.078	3	-0.556	3	100	0	0	12.17	1	0	6	6	0	7	0	0	2.36
2	0	0	0	8	0	0	205.342	2.227	535.285	324.309	61.641	149.335	0	881.398	1.5	1	0.0056285	0.002288	0.8305413	25.409	8.087	10.207	3.86	3.958	-4.161	-3.167	-4.986	2578.44	-0.514	1377.141	-1.361	8.045	-0.63	2	0.391	3	100	0	0	26.347	1	0	6	6	0	15	0	0.00596435	6.24
1	0	0	0	3	0	0	186.21	2.227	405.972	0	54.421	351.551	0	651.626	1	1.25	0.0076135	0.003079	0.895367	21.355	7.364	8.828	5.492	2.809	-2.674	-3.125	-4.902	3018.711	-0.07	1632.978	-0.996	9.022	-0.038	1	-0.003	3	100	0	0	30.139	2	0	12	12	0	14	0	0.00671279	4.58
2	0	0	0	1	0	1	155.199	2.348	372.598	0	26.056	346.542	0	588.537	0	1.5	0.0093714	0	0.9115359	20.067	6.378	7.03	4.407	2.737	-2.274	-2.392	-4.616	5608	0.294	3189.502	-0.683	9.408	0.577	2	-0.117	3	100	0	0	12.147	1	0	12	12	0	12	0	0	3.98
2	1	0	0	6	1	1	157.255	3.723	437.18	392.195	44.985	0	0	703.665	0	4	0.0196936	0	0.8751492	18.154	4.979	7.143	3.694	1.099	-0.211	0.491	-4.278	925.145	0.209	503.16	-3.835	9.136	-0.866	2	-0.664	3	86.473	0	0	31.725	2	0	0	0	0	11	0	0	2.67
4	0	0	0	1	0	1	121.182	1.738	351.885	221.89	19.356	110.638	0	540.922	0	1	0.0055824	0	0.9124049	15.908	4.159	4.836	2.215	2.315	-1.978	-1.542	-3.477	6491.477	0.348	3735.917	-1.39	9.733	-0.071	3	-0.122	3	100	0	0	11.579	1	0	6	6	0	9	0	0	3.17
5	0	0	0	3	1	1	114.187	3.552	353.283	308.299	44.984	0	0	546.154	0	2	0.0231019	0	0.9146436	13.777	3.64	4.755	2.183	1.429	-1.056	-0.57	-2.913	3709.497	0.024	2040.385	-2.061	10.645	-0.89	1	-0.459	3	100	0	0	27.389	1	0	0	0	0	8	0	0	2.86
3	0	0	0	6	1	0	142.241	3.226	428.934	396.912	32.022	0	0	677.799	0	2	0.0153547	0	0.8699791	17.119	4.574	5.563	1.616	2.521	-2.321	-1.166	-3.636	4923.095	-0.08	2770.624	-1.534	10.581	-0.888	2	-0.204	3	100	0	0	24.807	1	0	0	0	0	10	0	0	3.66
11	0	0	0	0	0	-1	44.053	3.505	206.097	120.882	85.216	0	0	266.066	0	2	0.0461844	0	0.9707009	4.494	1.31	2.248	2.765	0.059	0.401	0.919	-2.006	1540.988	-0.039	789.476	-3.09	10.715	-0.842	0	-1.145	3	84.348	0	0	39.855	1	0	0	0	0	3	0	0	3.11
10	0	1	0	0	0	-1	60.052	2.313	215.952	96.267	119.685	0	0	282.75	1	2	0.0189146	0.0092613	0.9647363	5.162	1.911	3.72	4.487	-0.17	1.18	-0.032	-0.295	183.875	-0.294	100.885	-3.725	11.377	-1.022	0	-1.04	2	66.481	0	0	53.05	2	0	0	0	0	4	0	0.0333044	2.85
10	0	0	0	0	1	1	58.08	3.767	238.526	180.575	57.951	0	0	324.577	0	2	0.0437211	0	0.957577	6.836	1.678	2.864	2.657	-0.24	0.479	0.621	-2.218	2794.771	0.142	1502.441	-2.588	10.734	-0.866	0	-0.975	3	87.224	0	0	29.971	1	0	0	0	0	4	0	0	0.85
NA	NA	NA	NA	NA	NA	NA	NA	NA	NA	NA	NA	NA	NA	NA	NA	NA	NA	NA	NA	NA	NA	NA	NA	NA	NA	NA	NA	NA	NA	NA	NA	NA	NA	NA	NA	NA	NA	NA	NA	NA	NA	NA	NA	NA	NA	NA	NA	NA	2.12
11	0	0	0	0	0	0	41.052	5.004	203.341	109.093	72.383	21.865	0	257.097	0	1.5	0.0973876	0	0.9616209	4.344	1.122	2.593	2.327	-0.34	0.243	-0.249	-2.257	2039.351	0.042	1068.745	-2.776	12.413	-1.614	1	-1.037	3	84.189	0	0	25.658	1	0	0	0	0	3	0	0	1.49
5	0	0	0	1	0	1	120.151	3.799	325.83	82.01	50.861	192.958	0	495.736	0	2	0.0291184	0	0.9296975	14.886	4.647	5.662	3.911	1.578	-1.276	-1.056	-3.59	3262.748	0.111	1776.123	-1.681	10.026	0.467	0	-0.52	3	100	0	0	28.223	1	0	6	6	0	9	0	0	2.87
3	0	0	0	0	0	1	179.221	1.76	397.255	0	15.102	382.153	0	640.807	0	1	0.0048332	0	0.904858	23.141	7.044	7.801	4.362	3.399	-3.661	-3.254	-4.894	7123.43	0.441	4130.533	-0.452	8.518	1.277	0	0.211	3	100	0	0	11.396	1	0	14	14	0	14	0	0	4.89
4	0	2	0	5	0	-2	146.143	0.003	355.781	142.39	213.391	0	0	542.923	2	4	0	0.0158998	0.9046387	12.363	5.145	8.681	7.793	0.082	-0.822	-0.859	0.54	6.019	-1.476	3.185	-4.972	11.388	-0.967	2	-1.09	2	41.375	0	0	100.935	4	0	0	0	0	10	1	0.0387076	3.18
6	0	0	0	1	0	1	93.128	2.387	280.035	0	61.641	218.394	0	406.536	1.5	1	0.014014	0.0043735	0.9477328	11.559	4.442	6.061	5.259	0.901	-0.421	-0.96	-3.419	2578.456	0.046	1377.15	-1.79	8.119	-0.62	2	-0.599	3	93.277	0	0	26.347	1	0	6	6	0	7	0	0.0131511	3.03
6	0	0	0	1	0	0	106.124	3.612	299.07	18.821	75.643	204.606	0	444.411	0	2	0.0293641	0	0.9417048	12.943	4.465	5.15	4.094	1.476	-1.106	-0.759	-3.451	1899.217	-0.065	989.592	-2.097	10.051	0.508	0	-0.669	3	94.269	0	0	36.701	1	0	6	6	0	8	0	0	3.93
13	0	0	0	0	0	1	78.113	0	264.196	0	0	264.196	0	376.818	0	0	0	0	0.9549787	11.449	3.732	2.926	1.136	2.129	-1.641	-1.671	-3.52	9906.038	0.192	5899.293	-0.589	9.818	-0.415	0	-0.288	3	100	0	0	0	0	0	6	6	0	6	0	0	3.5
6	0	0	0	1	0	0	103.123	5.519	301.426	0	71.555	229.871	0	441.092	0	1.5	0.0690435	0	0.929687	13.052	4.433	5.463	3.752	1.557	-1.101	-1.927	-3.766	2076.562	-0.049	1089.839	-1.932	10.141	0.543	0	-0.545	3	95.435	0	0	25.658	1	0	6	6	0	8	0	0	2.98
1	0	0	0	2	0	1	182.221	3.837	395.311	0	42.851	352.46	0	648.177	0	2	0.0227149	0	0.9162667	21.868	7.21	8.188	4.888	2.6	-2.574	-2.734	-4.568	3886.363	0.103	2145.738	-0.876	10	0.642	0	-0.12	3	100	0	0	26.347	1	0	12	12	0	14	0	0	4.11
4	1	0	0	2	0	1	107.155	1.509	311.758	49.29	61.033	201.434	0	466.327	2	1	0.0048855	0.0045363	0.9328431	13.148	4.938	7.127	5.728	0.762	0.52	-0.108	-4.305	651.658	0.374	344.514	-3.805	9.377	-0.179	3	-0.554	3	81.776	0	0	27.058	1	0	6	6	0	8	0	0.013198	3.02
7	0	0	0	1	0	1	154.211	0.007	378.937	0	0	378.937	0	601.079	0	0	1e-07	0	0.9089747	20.878	6.533	6.294	2.565	4.09	-4.31	-4.256	-4.812	9906.038	0.192	5899.293	-0.089	8.985	0.32	0	0.32	3	100	0	0	0	0	0	12	12	0	12	0	0	4.8
8	0	0	0	0	0	1	157.009	1.746	292.953	0	0	215.865	77.087	429.343	0	0	0.0070964	0	0.9395149	13.09	4.355	3.873	1.919	2.987	-2.553	-2.576	-3.54	9906.038	0.192	10000	-0.759	9.836	0.177	0	-0.136	3	100	0	0	0	0	0	6	6	0	7	0	0	4.45
8	0	0	0	2	0	0	72.107	3.579	271.407	195.435	75.972	0	0	385.71	0	2	0.0332135	0	0.9441723	7.998	2.372	3.118	2.418	0.734	-0.066	0.324	-2.435	1885.634	-0.125	981.944	-2.728	10.642	-0.839	1	-0.882	3	89.867	0	0	37.533	1	0	0	0	0	5	0	0	3.65
3	0	0	0	0	0	1	152.236	3.835	360.04	318.373	41.668	0	0	594.355	0	2	0.0247481	0	0.9495346	17.632	4.489	6.282	2.839	1.91	-1.99	-1.409	-2.349	3988.085	0.255	2206.506	-2.287	10.294	-0.934	1	-0.192	3	100	0	0	25.735	1	0	7	7	6	11	0	0	3.14
13	0	0	0	0	0	1	153.823	0	265.135	0	0	0	265.135	373.997	0	0	0	0	0.9468398	8.813	3.599	2.881	0.45	2.479	-1.975	-2.127	-2.392	9906.038	0.192	10000	-1.52	11.043	0.926	0	-0.296	3	100	0	0	0	0	0	0	0	0	5	0	0	3.56
10	0	0	0	0	0	1	112.558	2.215	288.374	0	0	216.651	71.723	421.193	0	0	0.0116525	0	0.9423141	12.771	4.263	3.803	1.912	2.887	-2.387	-2.448	-3.499	9906.038	0.192	10000	-0.756	9.529	-0.075	0	-0.159	3	100	0	0	0	0	0	6	6	0	7	0	0	3.7
14	0	0	0	0	3	1	119.378	1.893	243.378	28.132	0	0	215.246	331.588	0	0	0.0108089	0	0.9519539	7.116	2.798	2.203	0.38	1.97	-1.172	-1.268	-2.309	9906.038	0.248	10000	-1.52	10.889	0.403	0	-0.419	3	100	0	0	0	0	0	0	0	0	4	0	0	3.06
7	0	0	0	1	0	2	120.194	0.346	347.684	164.75	0	182.934	0	540.922	0	0	0.0002218	0	0.9234283	16.599	4.647	4.506	0.573	3.265	-3.057	-3.447	-3.643	9906.038	0.522	5899.293	-0.779	9.604	-0.417	2	0.146	3	100	0	0	0	0	0	6	6	0	9	0	0	4.23
15	0	0	0	0	0	2	84.161	0	291.847	291.847	0	0	0	434.098	0	0	0	0	0.9500241	11.219	2.473	2.403	-1.089	2.863	-3.115	-3.202	-2.341	9906.038	0.776	5899.293	-0.246	11.317	-3.537	0	-0.122	3	100	0	0	0	0	0	6	6	6	6	0	0	2.96
9	0	0	0	1	0	1	100.16	2.04	302.373	253.013	49.359	0	0	454.96	1	1.7	0.009149	0.0056222	0.9461016	11.411	3.236	5.172	3.701	1.191	-0.742	-0.593	-2.404	3371.511	0.136	1840.203	-2.333	10.952	-3.098	1	-0.499	3	100	0	0	22.407	1	0	6	6	6	7	0	0.0169729	2.06
8	0	0	0	0	1	1	98.144	3.891	297.535	244.738	52.797	0	0	443.624	0	2	0.0341258	0	0.9454474	11.6	2.898	4.339	2.764	0.819	-0.626	-0.265	-2.415	3127.738	0.17	1696.818	-2.493	10.49	-0.903	2	-0.629	3	94.297	0	0	28.659	1	0	6	6	5	7	0	0	2.19
NA	NA	NA	NA	NA	NA	NA	NA	NA	NA	NA	NA	NA	NA	NA	NA	NA	NA	NA	NA	NA	NA	NA	NA	NA	NA	NA	NA	NA	NA	NA	NA	NA	NA	NA	NA	NA	NA	NA	NA	NA	NA	NA	NA	NA	NA	NA	NA	NA	2.74
1	0	0	0	8	2	0	278.347	3.866	634.209	412.199	62.2	159.81	0	1052.783	0	4	0.0141961	0	0.7891479	32.368	9.506	12.097	4.931	3.971	-4.741	-3.488	-5.706	2547.15	-0.585	1359.086	-1.335	10.228	0.677	0	0.265	3	100	0	0	60.928	4	0	6	6	0	20	0	0	5.33
4	0	0	0	11	2	-2	258.357	0.012	658.397	563.717	94.68	0	0	1070.792	0	4	1e-07	0	0.768801	29.636	8.814	10.667	3.461	3.678	-4.809	-2.704	-5.273	1253.273	-1.167	631.431	-2.208	11.14	-1.142	2	0.189	3	100	0	0	71.65	4	0	0	0	0	18	0	0	4.85
13	0	0	0	0	2	1	84.933	2.435	219.128	64.367	0	0	154.761	286.87	0	0	0.0206689	0	0.9599699	5.327	1.916	1.435	0.301	1.407	-0.936	-0.803	-2.18	9906.038	0.321	10000	-1.52	10.63	-0.255	0	-0.549	3	100	0	0	0	0	0	0	0	0	3	0	0	2.42
7	0	0	0	0	0	2	132.205	0.23	337.423	178.513	0	158.91	0	530.941	0	0	9.97e-05	0	0.9397688	16.612	4.545	4.533	0.499	3.239	-3.381	-3.343	-3.264	9906.038	0.549	5899.293	-0.96	9.768	-1.128	4	0.159	3	100	0	0	0	0	0	10	10	6	10	0	0	3.63
1	0	0	0	4	2	0	222.24	3.98	504.561	282.459	62.2	159.902	0	813.515	0	4	0.0194738	0	0.835273	25.362	7.139	9.978	5.502	2.412	-3.043	-2.297	-4.96	2547.15	-0.272	1359.086	-1.719	10.228	0.676	0	-0.26	3	100	0	0	60.928	4	0	6	6	0	16	0	0	4.12
3	0	0	0	7	2	-1	202.25	0.012	528.374	433.694	94.68	0	0	831.365	0	4	2e-07	0	0.8092534	22.623	6.323	8.474	4.03	2.116	-2.996	-1.513	-4.618	1253.273	-0.822	631.431	-2.592	11.143	-1.141	2	-0.336	3	94.782	0	0	71.65	4	0	0	0	0	14	0	0	4.05
9	1	0	0	2	0	2	73.138	1.192	294.785	279.684	15.101	0	0	421.252	1	1.5	0.0033712	0.0050885	0.9219077	9.42	2.317	4.049	3.032	0.713	0.18	0.821	-3.522	1776.643	0.723	1018.634	-3.668	9.274	-2.885	1	-0.609	3	89.284	0	0	13.817	1	0	0	0	0	5	0	0.0205094	1.93
7	0	0	0	6	0	0	106.121	0.96	318.523	208.583	109.94	0	0	462.541	2	5.1	0.0019922	0.0226436	0.9080816	8.504	3.538	7.415	7.862	-0.527	-0.066	-0.217	-3.019	898.134	-0.687	440.471	-2.97	10.448	-2.655	3	-1.046	3	76.718	0	0	54.268	3	0	0	0	0	7	0	0.0679649	0.15
10	0	0	0	2	0	1	74.122	1.409	293.006	293.006	0	0	0	413.08	0	1.7	0.0048064	0	0.9154715	9.093	1.809	2.525	1.657	0.89	-0.114	-0.656	-2.9	9906.038	0.001	5899.293	-1.977	10.497	-2.708	1	-0.722	3	100	0	0	8.396	1	0	0	0	0	5	0	0	1.46
3	0	0	0	4	2	0	160.169	4.052	431.092	341.331	89.761	0	0	650.915	0	4	0.0252216	0	0.8425814	17.327	4.486	7.135	4.425	0.972	-1.641	-0.619	-4.079	1395.399	-0.52	709.172	-2.79	10.543	-1.031	1	-0.732	3	88.924	0	0	68.313	4	0	0	0	0	11	0	0	4.01
4	0	0	0	11	2	-2	258.357	0.012	658.397	563.717	94.68	0	0	1070.792	0	4	1e-07	0	0.768801	29.636	8.814	10.667	3.461	3.678	-4.809	-2.704	-5.273	1253.273	-1.167	631.431	-2.208	11.14	-1.142	2	0.189	3	100	0	0	71.65	4	0	0	0	0	18	0	0	4.98
4	0	0	0	5	2	0	174.196	0.012	463.554	368.876	94.678	0	0	711.771	0	4	2e-07	0	0.8316836	19.121	5.127	7.379	4.316	1.335	-2.093	-0.917	-4.256	1253.335	-0.65	631.465	-2.784	11.233	-1.032	2	-0.598	3	90.214	0	0	71.651	4	0	0	0	0	12	0	0	3.09
1	0	0	0	7	2	-2	206.195	6.865	471.35	316.677	154.673	0	0	744.872	0	5.4	0.0632667	0	0.8430944	19.161	5.977	9.279	5.68	0.454	-1.182	-0.947	-4.071	338.172	-1.309	153.251	-3.698	10.945	-0.71	2	-0.961	2	74.873	0	0	106.489	6	0	0	0	0	14	0	0	2.5
1	0	0	0	6	2	0	278.347	3.98	606.723	399.8	52.27	154.652	0	1028.643	0	4	0.0154013	0	0.8122402	32.637	9.165	12.302	5.203	3.876	-4.533	-3.488	-5.308	3163.911	-0.326	1718.04	-1.362	10.23	0.678	0	0.279	3	100	0	0	58.783	4	0	6	6	0	20	0	0	5.49
8	0	0	0	2	0	1	102.176	1.602	333.437	333.437	0	0	0	513.036	0	1.7	0.0050009	0	0.9294994	13.093	3.117	3.943	1.755	1.363	-1.09	-1.696	-2.673	9906.038	0.082	5899.293	-1.327	10.648	-2.723	1	-0.432	3	100	0	0	7.713	1	0	0	0	0	7	0	0	2.11
14	0	0	0	2	1	-1	76.095	0.37	240.681	240.681	0	0	0	349.038	0	3.4	0.0003923	0	0.9961044	6.53	2.098	2.606	3.206	-0.008	0.614	1.471	-1.595	9906.038	-0.881	5899.293	-3.088	10.95	-2.656	0	-1.363	3	100	0	0	17.34	2	0	0	0	0	5	0	0	1.04
1	0	0	0	2	2	0	194.187	3.93	425.923	190.201	74.186	161.535	0	676.784	0	4	0.0228188	0	0.8752534	21.189	6.04	8.788	5.846	1.438	-1.868	-1.701	-4.321	1960.617	-0.203	1024.217	-2.126	10.27	0.727	0	-0.572	3	94.294	0	0	61.163	4	0	6	6	0	14	0	0	3.7
5	0	0	0	2	2	0	132.116	3.577	343.993	241.785	102.208	0	0	510.379	0	4	0.0250668	0	0.8978638	12.987	3.471	5.872	4.741	-0.031	-0.316	-0.023	-3.185	1063.318	-0.402	528.652	-3.211	10.657	-0.957	1	-1.055	3	80.938	0	0	68.554	4	0	0	0	0	9	0	0	4.03
5	0	0	0	6	0	1	130.23	1.334	422.832	422.832	0	0	0	652.458	0	1.7	0.0027281	0	0.8603971	16.105	4.001	4.689	1.088	2.72	-2.409	-3.147	-3.791	9906.038	0.261	5899.293	-0.882	10.487	-2.578	1	-0.197	3	100	0	0	8.396	1	0	0	0	0	9	0	0	3.61
3	1	0	0	10	0	1	185.352	1.132	553.964	539.041	14.922	0	0	899.516	1	1.5	0.0014248	0.0027078	0.8134973	23.424	6.723	8.402	1.89	3.623	-2.951	-1.258	-5.276	1783.57	0.209	1022.927	-2.897	9.287	-2.753	1	0.336	3	100	0	0	13.812	1	0	0	0	0	13	0	0.00809284	5.38
5	0	0	0	8	0	1	158.283	1.4	487.649	487.649	0	0	0	772.051	0	1.7	0.0025404	0	0.8346199	19.607	5.13	5.782	0.802	3.22	-4.009	-4.392	-4.208	9906.038	0.391	5899.293	-0.335	10.489	-2.56	1	0.065	3	100	0	0	8.396	1	0	0	0	0	11	0	0	4.71
2	0	0	0	4	2	0	318.328	3.915	593.974	0	34.166	559.808	0	1019.848	0	5	0.0150299	0	0.8249383	37.438	11.824	15.196	9.231	3.933	-4.204	-4.593	-7.034	4697.878	-0.012	2633.881	0.207	9.532	0.823	0	0.071	3	100	0	0	58.061	4	0	18	18	0	24	0	0	6.6
1	0	0	0	2	0	1	169.226	1.321	403.151	0	17.502	385.649	0	642.128	1	0.5	0.002717	0.0012402	0.8928504	21.943	7.222	8.461	4.948	3.46	-3.372	-3.02	-5.105	6759.722	0.297	3903.057	-0.292	8.017	-0.095	3	0.132	3	100	0	0	12.861	1	0	12	12	0	13	0	0.00295456	4.65
5	0	0	0	2	0	0	170.21	1.69	393.85	0	0	393.85	0	629.87	0	0.5	0.0045364	0	0.9022652	21.53	6.882	6.833	3.397	4.198	-3.966	-4.011	-4.992	9906.038	-0.037	5899.293	0.06	9.201	0	0	0.228	3	100	0	0	7.63	1	0	12	12	0	13	0	0	4.63
7	0	0	0	1	0	2	136.236	0.436	381.851	316.514	0	65.337	0	613.484	0	0	0.0003095	0	0.9144077	18.38	4.505	4.927	-0.289	3.906	-4.007	-4.202	-3.229	9906.038	0.826	5899.293	-1.193	9.628	-1.181	5	0.356	3	100	0	0	0	0	0	6	6	4	10	0	0	5.29
11	0	0	0	1	0	1	46.069	2.012	215.17	158.104	57.066	0	0	280.205	1	1.7	0.0144422	0.0079007	0.9624253	4.418	1.403	2.89	3.543	-0.31	1.043	0.038	-2.14	2849.348	0.092	1534.179	-2.475	10.95	-3.214	1	-0.908	3	86.964	0	0	23.242	1	0	0	0	0	3	0	0.036901	0.52
9	0	0	0	1	1	1	88.106	2.649	301.887	241.732	60.155	0	0	426.593	0	2	0.016447	0	0.9078119	10.276	2.305	3.578	2.604	0.73	-0.049	-0.016	-3.024	2663.477	0.017	1426.297	-2.532	11.16	-1.172	0	-0.721	3	92.529	0	0	38.408	2	0	0	0	0	6	0	0	2.58
8	0	0	0	2	1	0	100.117	2.142	323.732	218.525	54.107	51.1	0	467.436	0	2	0.0098138	0	0.8997621	11.757	3.015	4.004	2.743	1.241	-0.864	-0.271	-3.398	3039.488	-0.003	1645.13	-2.145	10.961	0.002	0	-0.645	3	96.545	0	0	36.507	2	0	0	0	0	7	0	0	4.6
8	0	0	0	1	0	2	106.167	0.335	325.183	130.05	0	195.133	0	493.033	0	0	0.0002279	0	0.9281561	14.799	4.256	3.904	0.59	3.148	-2.776	-2.948	-3.625	9906.038	0.452	5899.293	-0.736	9.601	-0.414	1	0.007	3	100	0	0	0	0	0	6	6	0	8	0	0	3.59
10	2	0	0	3	0	0	60.099	0	235.965	107.733	128.232	0	0	318.754	4	2	0	0.0169517	0.9563596	4.676	2.993	7.573	8.326	-1.988	2	1.866	-3.69	37.469	0.245	17.395	-7.72	9.253	-2.694	4	-1.123	2	43.468	0	0	54.448	2	0	0	0	0	4	0	0.066557	2.55
9	0	0	0	3	0	-1	62.068	2.703	227.548	119.103	108.445	0	0	303.065	2	3.4	0.0241031	0.021131	0.9589217	4.048	2.237	5.441	6.621	-1.355	0.495	-0.303	-2.197	927.931	-0.404	456.287	-3.23	10.937	-3.009	2	-0.992	2	72.124	0	0	45.808	2	0	0	0	0	4	0	0.0774685	0.04
4	0	0	0	5	1	0	144.213	2.364	429.599	382.381	47.218	0	0	663.122	0	2	0.0084284	0	0.8560467	17.174	4.419	5.561	1.941	2.444	-2.388	-1.208	-3.861	3532.932	-0.167	1935.617	-1.91	11.109	-1.197	1	-0.204	3	100	0	0	35.826	2	0	0	0	0	10	0	0	4.21
2	0	0	0	4	0	0	164.204	2.186	384.001	189.482	51.563	142.956	0	620.145	1	1.5	0.0077054	0.0039062	0.9158579	17.461	5.726	7.256	4.026	2.524	-2.051	-2.242	-3.575	3213.129	-0.087	1746.946	-1.582	8.716	-0.264	3	-0.168	3	100	0	0	30.207	2	0	6	6	0	12	0	0.00913489	3.84
8	0	0	0	4	0	-1	100.117	0.713	308.616	156.671	151.945	0	0	455.351	0	4	0.0011152	0	0.927492	9.501	3.518	4.559	4.553	-0.561	0.806	0.656	-2.705	358.926	-0.855	163.442	-3.936	10.727	-0.583	2	-1.3	2	69.389	0	0	75.065	2	0	0	0	0	7	0	0	3.94
13	0	0	0	1	2	-1	58.037	0	211.321	44.46	166.861	0	0	276.554	0	4	0	0	0.9714252	4.272	2.033	2.985	5.082	-2.004	2	1.55	-1.994	259.155	-0.676	114.942	-4.499	10.683	0.737	0	-1.692	2	58.413	0	0	75.43	2	0	0	0	0	4	0	0	2.43
9	0	0	0	0	6	1	290.831	0	390.485	81.273	0	0	309.213	648.064	0	0	0	0	0.9274823	19.782	6.706	6.909	0.767	3.731	-4.62	-4.562	-2.705	9906.038	0.355	10000	-1.52	10.726	-0.045	0	0.499	3	100	0	0	0	0	0	6	6	6	12	0	0	6.52
10	0	0	0	0	0	1	236.74	0	323.024	0	0	0	323.024	497.737	0	0	0	0	0.9402938	13.765	5.347	4.881	0.61	3.366	-3.891	-4.026	-2.498	9906.038	0.192	10000	-1.52	10.905	0.812	0	0.063	3	100	0	0	0	0	0	0	0	0	8	0	0	5.23
6	0	0	0	4	0	0	100.16	3.62	336.228	260.255	75.973	0	0	505.308	0	2	0.0259355	0	0.9125069	11.5	3.383	4.114	2.133	1.318	-0.764	-0.272	-2.948	1885.607	-0.286	981.929	-2.536	10.64	-0.836	1	-0.62	3	93.29	0	0	37.533	1	0	0	0	0	7	0	0	3.66
5	0	0	0	4	0	0	118.175	2.85	330.698	262.412	68.285	0	0	510.994	2	2.45	0.0158971	0.0104773	0.934712	11.728	4.088	7.208	5.439	0.675	-0.794	-0.753	-2.588	2230.229	-0.199	1177.266	-2.394	10.8	-3.164	2	-0.639	3	90.826	0	0	38.345	2	0	0	0	0	8	0	0.0293194	1.13
5	0	0	0	3	1	0	128.171	2.182	376.145	277.877	47.352	50.917	0	576.036	0	2	0.0082672	0	0.8901078	15.459	4.104	5.186	2.601	1.764	-1.654	-0.867	-3.553	3522.609	-0.016	1929.505	-1.925	10.961	0.001	0	-0.372	3	100	0	0	35.435	2	0	0	0	0	9	0	0	4.79
11	0	0	0	1	0	2	68.118	0.374	271.293	183.132	0	88.161	0	388.745	0	0	0.0003597	0	0.9495173	9.603	2.562	1.956	-0.751	2.005	-2.51	-1.863	-2.769	9906.038	0.559	5899.293	-1.113	9.361	-0.326	1	-0.296	3	100	0	0	0	0	0	0	0	0	5	0	0	2.95
11	0	0	0	1	0	1	60.096	2.045	244.915	195.372	49.543	0	0	337.242	1	1.7	0.0124004	0.0069412	0.9567036	6.7	1.991	3.6	3.564	0.051	0.385	-0.049	-2.233	3358.005	0.142	1832.237	-2.337	11.103	-3.22	1	-0.784	3	90.354	0	0	22.407	1	0	0	0	0	4	0	0.0282881	0.78
5	0	0	0	2	0	1	156.267	1.982	392.74	352.542	40.198	0	0	646.831	1	1.7	0.0060716	0.0043286	0.9209874	18.448	4.963	7.48	3.636	2.664	-2.364	-1.635	-2.811	4118.131	0.127	2284.379	-2.068	10.866	-3.082	1	-0.041	3	100	0	0	20.771	1	0	6	6	6	11	0	0.0108789	3.92
5	0	0	0	1	0	1	108.14	1.964	308.028	87.86	54.44	165.728	0	458.489	1	0.75	0.0084114	0.0024348	0.9335288	13.135	4.332	5.526	3.941	1.937	-0.776	-1.345	-3.398	3017.475	0.087	1632.255	-1.843	9.137	-0.338	2	-0.373	3	100	0	0	22.469	1	0	6	6	0	8	0	0.00693533	3.29
7	0	0	0	0	0	1	147.004	2.122	312.575	0	0	169.135	143.441	465.585	0	0	0.0096757	0	0.9294152	14.094	4.789	4.494	1.672	3.009	-2.655	-3.225	-3.481	9906.038	0.192	10000	-0.924	9.585	0.185	0	-0.03	3	100	0	0	0	0	0	6	6	0	8	0	0	4.27
6	0	0	0	2	0	2	134.221	0.313	386.141	260.081	0	126.06	0	609.215	0	0	0.0001609	0	0.9000486	18.146	4.754	4.878	0.069	3.86	-4.056	-4.157	-3.75	9906.038	0.713	5899.293	-0.883	9.49	-0.431	2	0.302	3	100	0	0	0	0	0	6	6	0	10	0	0	4.51
12	0	0	0	0	0	0	32.042	2.132	177.925	112.839	65.086	0	0	215.593	1	1.7	0.0210803	0.0095546	0.9772764	2.474	0.812	2.42	3.729	-0.77	1.483	-0.061	-1.9	2391.592	0.109	1269.597	-2.719	11.198	-3.373	1	-0.981	3	82.911	0	0	24.076	1	0	0	0	0	2	0	0.0530554	0.05
2	0	0	0	2	1	0	161.16	4.275	386.539	95.851	123.745	166.943	0	596.695	0	3.5	0.0306287	0	0.88676	18.036	5.658	7.798	5.633	0.75	-2.344	-2.232	-4.16	664.388	-0.606	317.987	-3.02	10.386	1.185	0	-0.671	3	81.852	0	0	60.772	3	0	6	6	0	12	0	0	3.54
3	0	0	0	1	1	1	170.595	1.937	373.43	95.85	52.277	153.66	71.643	576.795	0	2	0.006505	0	0.8973667	17.755	5.445	6.594	3.793	2.14	-1.976	-2.128	-3.926	3163.409	0.246	4240.52	-1.846	9.784	0.703	0	-0.285	3	100	0	0	35.141	2	0	6	6	0	11	0	0	4.15
10	0	0	0	0	1	1	74.079	2.338	258.643	192.139	66.504	0	0	356.621	0	2	0.0153228	0	0.9403056	8.118	1.903	2.935	2.764	0.18	0.519	0.282	-2.498	2318.694	0.062	1227.821	-2.745	11.241	-1.111	0	-0.882	3	88.231	0	0	38.529	2	0	0	0	0	5	0	0	2.27
NA	NA	NA	NA	NA	NA	NA	NA	NA	NA	NA	NA	NA	NA	NA	NA	NA	NA	NA	NA	NA	NA	NA	NA	NA	NA	NA	NA	NA	NA	NA	NA	NA	NA	NA	NA	NA	NA	NA	NA	NA	NA	NA	NA	NA	NA	NA	NA	NA	2.01
7	0	0	0	1	1	1	100.117	2.293	308.253	220.783	51.176	36.294	0	451.547	0	2	0.0116426	0	0.9234057	11.621	2.972	4.019	2.805	0.61	-0.829	-0.271	-2.944	3240.391	0.103	1762.972	-2.239	10.532	0.004	1	-0.649	3	93.348	0	0	34.589	2	0	0	0	0	7	0	0	2.5
12	0	0	0	1	0	1	88.149	1.672	286.055	286.055	0	0	0	429.453	0	0.75	0.0065119	0	0.9623333	10.391	2.573	2.593	0.926	0.918	-1.99	-1.642	-2.141	9906.038	0.422	5899.293	-1.662	10.612	-2.831	1	-0.378	3	100	0	0	8.661	1	0	0	0	0	6	0	0	2.12
9	0	0	0	0	0	2	106.167	0.358	327.256	175.749	0	151.508	0	494.866	0	0	0.0002597	0	0.9245612	15.097	3.929	3.966	0.721	3.104	-2.855	-2.967	-3.475	9906.038	0.544	5899.293	-0.986	9.403	-0.436	2	0.055	3	100	0	0	0	0	0	6	6	0	8	0	0	3.82
3	3	0	0	3	0	1	129.205	2.406	347.705	250.317	97.389	0	0	540.034	3	4.5	0.0107196	0.0224162	0.9223613	13.532	4.704	10.486	9.383	-1.534	2	2.452	-4.967	18.326	0.417	8.883	-7.152	9.318	-2.299	3	-0.727	2	40.572	0	0	48.156	3	0	6	6	4	9	1	0.0603245	1.82
8	0	0	0	0	0	1	128.173	0.004	332.025	0	0	332.025	0	512.839	0	0	0	0	0.9332158	17.541	5.497	5.126	2.142	3.348	-3.601	-3.64	-4.196	9906.038	0.192	5899.293	-0.35	8.84	0.449	0	0.107	3	100	0	0	0	0	0	10	10	0	10	0	0	4.32
7	0	0	0	3	1	0	116.16	2.669	366.746	306.58	60.166	0	0	546.196	0	2	0.0130425	0	0.8811145	13.778	3.416	4.626	2.319	1.409	-1.307	-0.612	-3.456	2662.867	-0.134	1425.944	-2.34	11.157	-1.172	0	-0.459	3	96.501	0	0	38.408	2	0	0	0	0	8	0	0	3.81
9	1	0	0	3	0	1	73.138	1.496	283.698	219.581	64.117	0	0	407.112	2	1	0.0054969	0.0049849	0.9363784	8.212	2.898	5.074	4.09	0.092	1.203	0.824	-3.288	609.225	0.294	320.332	-4.476	9.403	-3.022	2	-0.749	3	77.328	0	0	27.225	1	0	0	0	0	5	0	0.0193361	2.44
4	0	0	0	5	1	0	144.213	2.422	429.785	382.57	47.215	0	0	663.234	0	2	0.0088435	0	0.8557723	17.178	4.418	5.567	1.942	2.445	-2.391	-1.208	-3.866	3533.103	-0.168	1935.718	-1.91	11.103	-1.201	1	-0.204	3	100	0	0	35.825	2	0	0	0	0	10	0	0	4.09
4	0	0	0	4	0	1	150.22	1.433	410.102	203.854	0	206.248	0	640.108	0	0.75	0.0032087	0	0.8758743	18.864	5.442	5.587	1.965	3.338	-3.367	-3.835	-4.524	9906.038	0.257	5899.293	-0.409	9.117	-0.378	1	0.106	3	100	0	0	7.942	1	0	6	6	0	11	0	0	4.42
3	1	0	0	9	0	1	157.298	1.512	478.151	414.033	64.118	0	0	765.893	2	1	0.0029856	0.0029577	0.8466655	18.718	6.037	8.326	3.235	2.365	-1.562	-0.71	-4.739	609.212	-0.177	320.324	-3.9	9.409	-2.992	2	-0.05	3	90.638	0	0	27.225	1	0	0	0	0	11	0	0.00899075	5.18
3	1	0	0	11	0	1	185.352	1.514	542.972	478.856	64.116	0	0	885.49	2	1	0.002588	0.0026046	0.8213149	22.22	7.175	9.416	2.95	3.13	-2.43	-1.272	-5.149	609.235	-0.335	320.337	-3.708	9.41	-2.99	2	0.197	3	95.115	0	0	27.224	1	0	0	0	0	13	0	0.00762994	6.26
3	0	0	0	2	0	1	135.208	2.252	381.719	222.048	14.759	144.912	0	592.107	1	1	0.0085652	0.0026197	0.8933492	17.642	4.971	6.9	3.732	2.852	-1.999	-1.815	-3.949	7176.933	0.32	4164.076	-1.089	7.985	-0.661	5	-0.087	3	100	0	0	12.892	1	0	6	6	0	10	0	0.00739593	3.44
5	1	0	0	6	0	1	115.218	1.475	380.927	316.81	64.117	0	0	586.504	2	1	0.0037116	0.0037126	0.8895513	13.465	4.428	6.693	3.663	1.25	-0.284	0.103	-4.045	609.229	0.06	320.334	-4.188	9.407	-3	2	-0.41	3	84.106	0	0	27.224	1	0	0	0	0	8	0	0.0122744	3.72
7	0	1	0	4	0	-1	116.16	2.104	343.607	236.911	106.696	0	0	519.198	1	2	0.0085249	0.0058206	0.9091987	12.056	3.947	5.669	3.824	1.414	-0.841	-0.828	-1.194	244.175	-0.538	137.077	-3.102	11.326	-1.045	1	-0.673	3	77.962	0	0	50.468	2	0	0	0	0	8	0	0.0172176	2.76
5	0	0	0	5	1	0	144.213	2.672	432.879	371.395	61.484	0	0	665.838	0	2	0.0107263	0	0.8518786	17.282	4.519	5.691	2.046	2.284	-2.559	-1.208	-3.929	2587.294	-0.303	1382.252	-2.173	11.158	-1.171	0	-0.196	3	100	0	0	38.407	2	0	0	0	0	10	0	0	4.56
7	1	0	0	5	0	1	101.191	1.505	348.518	284.401	64.117	0	0	526.709	2	1	0.0042976	0.0040578	0.9050096	11.714	3.915	6.153	3.805	0.872	0.133	0.359	-3.795	609.227	0.139	320.333	-4.284	9.406	-3.006	2	-0.526	3	81.894	0	0	27.224	1	0	0	0	0	7	0	0.0139757	3.25
4	0	0	0	1	0	1	107.155	1.963	313.734	86.843	23.324	203.567	0	467.832	1	1	0.0082348	0.0031874	0.9289579	13.871	4.433	5.815	4.246	2.132	-0.903	-1.267	-3.652	5952.708	0.323	3401.925	-1.136	8.024	-0.62	3	-0.38	3	100	0	0	14.073	1	0	6	6	0	8	0	0.00933224	3.03
6	1	0	0	3	0	2	155.283	0.548	411.323	410.987	0.336	0	0	674.322	0	2	0.0004449	0	0.9041223	18.906	4.589	6.007	2.019	2.191	-1.257	-0.366	-3.81	2452.542	0.778	1443.308	-3.3	9.037	-2.73	1	-0.087	3	100	0	0	4.43	1	0	6	6	6	11	0	0	3.86
3	0	0	1	6	0	0	157.255	4.683	445.068	384.993	60.074	0	0	716.231	0	3	0.0306164	0	0.8698438	18.657	5.179	6.992	5.306	1.465	-0.996	-0.38	-2.264	1445.111	-0.327	1429.026	-2.051	9.426	-1.47	0	-0.682	3	92.082	0	33.457	35.563	2	0	0	0	0	11	0	0	3.25
5	0	0	0	3	0	1	149.235	1.685	391.351	221.006	0	170.344	0	629.546	0	1	0.0045084	0	0.9077169	18.741	5.352	5.742	2.143	2.748	-2.93	-2.138	-3.838	9906.038	0.383	5899.293	-0.631	7.978	-0.643	3	0.051	3	100	0	0	1.676	1	0	6	6	0	11	0	0	3.96
6	1	0	0	5	0	1	117.191	2.152	347.651	299.691	47.96	0	0	539.723	1	3.7	0.0085842	0.0106429	0.9221509	12.235	3.896	6.35	4.888	0.201	0.511	0.634	-3.518	866.945	0.285	469.036	-3.986	8.991	-2.739	2	-0.74	3	80.708	0	0	26.558	2	0	0	0	0	8	0	0.0315725	1.82
5	1	0	0	2	0	2	135.208	0.654	358.928	166.527	4.659	187.742	0	572.859	0	2	0.0007464	0	0.9293726	17.281	5.119	5.843	3.42	1.807	-1.014	-0.328	-4.296	2231.627	0.806	1303.312	-2.815	9.12	-0.379	2	-0.339	3	100	0	0	5.722	1	0	6	6	0	10	0	0	3.55
6	0	0	0	1	0	2	121.182	1.465	339.935	149.634	1.498	188.803	0	522.736	0	1	0.0041066	0	0.9231904	15.927	4.497	4.881	2.596	2.334	-1.932	-1.542	-3.675	9587.241	0.492	5694.356	-0.786	7.945	-0.615	3	-0.174	3	100	0	0	3.42	1	0	6	6	0	9	0	0	3.27
10	0	0	1	0	0	1	73.094	4.588	259.886	184.695	75.191	0	0	366.398	0	3	0.0574589	0	0.9528353	8.509	2.247	4.248	6.511	-1.01	1.211	1.407	-0.921	982.671	0.011	1000.217	-2.905	9.392	-1.459	0	-1.443	2	74.592	0	36.49	38.574	2	0	0	0	0	5	0	0	0.84
4	0	1	0	7	0	-1	158.24	2.055	440.83	334.133	106.697	0	0	698.586	1	2	0.006048	0.0045369	0.8637222	17.309	5.504	7.279	3.396	2.629	-2.208	-1.61	-1.93	244.172	-0.812	137.076	-2.814	11.327	-1.042	1	-0.335	3	85.072	0	0	50.468	2	0	0	0	0	11	0	0.012639	3.18
4	1	0	0	8	0	1	143.272	1.48	445.744	381.626	64.117	0	0	706.098	2	1	0.0031006	0.0031727	0.8603127	16.967	5.488	7.78	3.377	1.985	-1.132	-0.434	-4.518	609.222	-0.098	320.33	-3.996	9.409	-2.994	2	-0.172	3	88.41	0	0	27.225	1	0	0	0	0	10	0	0.00987082	4.82
5	1	0	0	7	0	1	129.245	1.51	413.334	349.218	64.116	0	0	646.3	2	1	0.0035265	0.0034215	0.8746208	15.216	4.952	7.238	3.52	1.626	-0.706	-0.162	-4.287	609.234	-0.019	320.337	-4.092	9.408	-2.997	2	-0.292	3	86.308	0	0	27.224	1	0	0	0	0	9	0	0.0109422	4.4
5	0	0	0	7	0	0	139.24	5.305	433.901	348.714	71.257	13.93	0	679.483	0	1.5	0.0414201	0	0.8614434	16.677	4.904	5.658	1.276	2.75	-3.012	-2.334	-3.84	2090.094	-0.499	1097.517	-2.112	11.598	-1.594	1	-0.108	3	100	0	0	25.659	1	0	0	0	0	10	0	0	4.3
6	0	0	0	1	0	1	94.113	1.568	276.449	0	54.44	222.009	0	399.427	1	0.75	0.0061541	0.002713	0.9487997	11.309	4.233	4.977	4.248	1.458	-0.051	-1.073	-3.419	3017.502	0.1	1632.271	-1.645	9.225	-0.31	1	-0.533	3	100	0	0	22.469	1	0	6	6	0	7	0	0.00796921	6.22
8	0	1	0	3	0	-1	102.133	2.072	311.195	204.499	106.696	0	0	459.399	1	2	0.0093434	0.0064268	0.9252489	10.305	3.446	5.133	3.967	1.389	-0.648	-0.589	-0.934	244.174	-0.448	137.076	-3.198	11.329	-1.047	1	-0.778	3	77.811	0	0	50.468	2	0	0	0	0	7	0	0.0195822	3.12
9	0	0	0	4	0	0	88.149	1.999	312.36	255.377	56.982	0	0	459.552	1	1.7	0.0086961	0.0054424	0.9220053	9.669	3.06	4.454	3.115	1.507	-0.621	-0.424	-2.794	2854.552	-0.124	1537.208	-2.186	10.928	-3.039	1	-0.621	3	100	0	0	23.242	1	0	0	0	0	6	0	0.0192854	2.21
9	1	0	0	3	0	1	73.138	1.496	283.698	219.581	64.117	0	0	407.112	2	1	0.0054969	0.0049849	0.9363784	8.212	2.898	5.074	4.09	0.092	1.203	0.824	-3.288	609.225	0.294	320.332	-4.476	9.403	-3.022	2	-0.749	3	77.328	0	0	27.225	1	0	0	0	0	5	0	0.0193361	2.69
6	0	0	0	4	0	2	148.247	0.367	422.206	227.137	0	195.069	0	672.301	0	0	0.0001999	0	0.8790555	20.046	5.735	5.546	0.179	4.682	-4.814	-4.814	-4.419	9906.038	0.647	5899.293	-0.448	9.602	-0.403	1	0.4	3	100	0	0	0	0	0	6	6	0	11	0	0	4.94
2	0	0	0	7	0	0	181.234	0.678	408.196	150.875	87.133	170.188	0	664.926	2	4.4	0.0006919	0.015244	0.9025664	17.587	6.744	10.32	8.171	1.163	-1.23	-1.671	-3.92	1477.809	-0.571	754.549	-1.854	7.856	-0.666	5	-0.634	3	90.485	0	0	42.531	3	0	6	6	0	13	0	0.0343343	2.39
9	0	0	0	2	1	0	102.133	2.609	334.493	274.338	60.155	0	0	486.514	0	2	0.013993	0	0.8943503	12.032	2.863	4.093	2.462	1.247	-0.916	-0.314	-3.242	2663.477	-0.058	1426.297	-2.436	11.16	-1.173	0	-0.59	3	95.558	0	0	38.408	2	0	0	0	0	7	0	0	3.23
10	1	0	0	2	0	1	59.111	1.455	251.291	187.175	64.116	0	0	347.316	2	1	0.0060947	0.0056278	0.9509083	6.461	2.366	4.535	4.233	-0.183	1.781	1.009	-3.053	609.245	0.369	320.343	-4.572	9.403	-3.036	2	-0.852	3	75.717	0	0	27.224	1	0	0	0	0	4	0	0.0239247	2.28
3	1	0	0	12	0	1	199.379	1.483	575.384	511.267	64.117	0	0	945.291	2	1	0.0023274	0.0024579	0.809563	23.971	7.762	9.96	2.807	3.514	-2.867	-1.557	-5.34	609.222	-0.413	320.33	-3.612	9.41	-2.989	2	0.322	3	100	0	0	27.225	1	0	0	0	0	14	0	0.00709321	6.45
3	1	0	0	10	0	1	171.325	1.482	510.564	446.446	64.117	0	0	825.694	2	1	0.0026593	0.0027699	0.8336705	20.469	6.6	8.869	3.092	2.747	-1.995	-0.99	-4.95	609.222	-0.256	320.33	-3.804	9.41	-2.99	2	0.073	3	92.873	0	0	27.225	1	0	0	0	0	12	0	0.00825455	2.91
5	0	0	0	1	0	1	127.573	2.44	301.167	0	54.555	180.393	66.219	447.438	1.5	1	0.0133031	0.0040667	0.93939	12.833	4.96	6.713	5.026	1.813	-1.561	-1.604	-3.373	3009.901	0.254	3752.789	-1.793	8.257	-0.303	2	-0.494	3	100	0	0	25.104	1	0	6	6	0	8	0	0.00960043	4.35
6	0	0	0	1	0	1	128.558	1.492	298.199	0	47.875	182.919	67.405	441.091	1	0.75	0.0050479	0.0025151	0.9397471	12.603	4.757	5.635	4.013	2.39	-0.843	-1.752	-3.379	3482.579	0.307	4459.919	-1.661	9.319	0.014	1	-0.42	3	100	0	0	21.487	1	0	6	6	0	8	0	0.00583395	4
5	0	0	0	1	0	1	108.14	1.969	304.527	82.471	44.837	177.22	0	454.071	1	0.75	0.0085408	0.0024628	0.9381841	13.068	4.35	5.484	3.945	1.938	-0.759	-1.345	-3.377	3721.472	0.164	2047.506	-1.626	9.117	-0.317	2	-0.385	3	100	0	0	20.356	1	0	6	6	0	8	0	0.00693535	3.9
7	0	0	0	0	0	1	147.004	3.483	308.394	0	0	179.557	128.838	460.969	0	0	0.0263215	0	0.9357777	14.009	4.781	4.648	1.728	2.987	-2.63	-3.13	-3.427	9906.038	0.192	10000	-0.887	9.486	0.164	0	-0.044	3	100	0	0	0	0	0	6	6	0	8	0	0	4.19
1	0	0	0	2	0	1	170.21	1.906	392.815	0	38.943	353.872	0	627.428	1	0.75	0.0057884	0.0019093	0.9023038	21.051	7.076	8.4	5.099	3.178	-3.032	-2.961	-4.8	4232.541	0.124	2353.053	-0.799	9.038	0.248	1	0.052	3	100	0	0	19.224	1	0	12	12	0	13	0	0.00440633	4.5
8	0	0	0	0	0	2	106.167	0.783	319.706	151.414	0	168.292	0	484.013	0	0	0.001268	0	0.9325071	14.823	4.015	3.925	0.718	2.816	-2.471	-2.854	-3.427	9906.038	0.495	5899.293	-0.927	9.399	-0.459	2	0.023	3	100	0	0	0	0	0	6	6	0	8	0	0	3.81
5	0	0	0	1	0	1	127.573	4.824	304.205	0	61.647	170.876	71.682	450.899	1.5	1	0.0516151	0.0040261	0.9347997	12.881	4.966	7.294	5.019	1.878	-1.633	-1.604	-3.402	2578.103	0.209	3400.878	-1.958	8.216	-0.363	1	-0.486	3	100	0	0	26.351	1	0	6	6	0	8	0	0.00960046	3.62
4	0	0	0	1	0	1	142.585	2.428	326.387	78.449	54.437	131.796	61.704	495.482	1	0.75	0.0118978	0.0022979	0.9277929	14.292	4.879	6.219	3.776	2.153	-0.981	-2.036	-3.329	3017.66	0.233	3554.952	-1.962	9.07	-0.093	2	-0.272	3	100	0	0	22.47	1	0	6	6	0	9	0	0.00526005	4.4
5	0	0	0	1	0	1	128.558	2.39	300.615	0	54.438	174.485	71.692	443.779	1	0.75	0.0128687	0.0024949	0.9359788	12.63	4.76	5.786	4.008	2.386	-0.86	-1.752	-3.4	3017.643	0.265	4032.197	-1.812	9.136	-0.056	1	-0.413	3	100	0	0	22.47	1	0	6	6	0	8	0	0.00583398	4.46
5	0	0	0	1	0	1	108.14	1.688	307.963	87.843	54.44	165.68	0	458.421	1	0.75	0.0062165	0.0024354	0.9336327	13.132	4.332	5.495	3.94	1.936	-0.776	-1.345	-3.396	3017.496	0.087	1632.267	-1.843	9.026	-0.341	2	-0.374	3	100	0	0	22.469	1	0	6	6	0	8	0	0.00693558	3.76
8	0	0	0	0	0	1	147.004	0.004	312.545	0	0	169.113	143.432	465.551	0	0	0	0	0.929461	14.092	4.789	4.361	1.672	3.009	-2.655	-3.224	-3.48	9906.038	0.192	10000	-0.924	9.428	0.234	0	-0.031	3	100	0	0	0	0	0	6	6	0	8	0	0	4.27
3	0	0	0	1	0	2	488.593	1.509	393.628	0	39.996	42.962	310.67	633.207	1	0.75	0.0035959	0.0019054	0.9059609	18.955	7.176	8.722	3.322	3.804	-4.264	-9.292	-3.259	4136.362	0.941	10000	-2.009	9.716	1.311	1	0.111	3	100	0	0	20.442	1	0	6	6	0	12	0	0.00153506	6.72
10	0	0	0	0	0	1	202.295	1.755	307.519	20.583	0	0	286.936	462.781	0	0	0.0066583	0	0.9409001	12.367	4.711	4.305	0.56	2.803	-2.393	-2.633	-2.488	9906.038	0.233	10000	-1.52	10.835	0.633	0	-0.039	3	100	0	0	0	0	0	0	0	0	7	0	0	4.43
3	0	0	0	1	0	2	266.338	1.999	375.745	0	41.285	43.133	291.327	597.35	1	0.75	0.0066921	0.001996	0.9129032	17.522	6.735	8.184	3.282	3.564	-3.104	-4.604	-3.147	4021.597	0.888	10000	-2.032	9.373	0.816	1	0.011	3	100	0	0	20.495	1	0	6	6	0	12	0	0.00281592	6.04
6	0	0	0	0	0	2	251.327	0.735	364.535	0	18.294	38.864	307.377	569.838	0	1	0.000949	0	0.9118568	17.022	6.123	6.6	2.078	4.599	-4.502	-4.306	-3.144	6643.879	1.171	10000	-1.72	9.662	1.036	0	0.005	3	100	0	0	11.926	1	0	6	6	0	11	0	0	5.73
6	0	0	0	1	0	2	183.081	5.051	318.742	0	55.481	59.34	203.921	480.247	1.5	1	0.0531145	0.0038424	0.9304695	12.99	2.591	7.789	4.3	2.439	-2.043	-2.712	-2.94	2949.683	0.576	10000	-2.237	9.203	1.02	1	-0.408	3	100	203.921	0	25.461	1	0	6	6	0	12	0	0.00668958	3.69
7	0	0	0	1	0	1	196.076	2.466	334.349	15.895	70.517	55.313	192.624	513.691	0	2	0.0118373	0	0.9277534	14.29	2.743	6.044	3.196	2.035	-2.406	-2.669	-2.965	2124.144	0.43	10000	-2.528	10.982	1.927	0	-0.468	3	100	192.624	0	35.118	1	0	6	6	0	13	0	0	5.25
7	0	0	0	3	0	0	86.133	3.608	303.82	227.847	75.972	0	0	445.513	0	2	0.0292223	0	0.928516	9.749	2.881	3.611	2.275	0.8	-0.246	0.026	-2.689	1885.617	-0.205	981.934	-2.632	10.641	-0.837	1	-0.751	3	90.252	0	0	37.533	1	0	0	0	0	6	0	0	3.82
4	0	0	0	2	0	1	122.166	1.669	337.412	130.017	54.44	152.955	0	515.602	1	0.75	0.0054038	0.0022228	0.9216102	14.657	4.749	5.941	3.704	2.092	-1.059	-1.624	-3.53	3017.496	0.016	1632.267	-1.792	9.067	-0.342	2	-0.259	3	100	0	0	22.469	1	0	6	6	0	9	0	0.00613918	4.07
6	0	0	0	1	0	1	94.113	1.568	276.449	0	54.44	222.009	0	399.427	1	0.75	0.0061541	0.002713	0.9487997	11.309	4.233	4.977	4.248	1.458	-0.051	-1.073	-3.419	3017.502	0.1	1632.271	-1.645	9.225	-0.31	1	-0.533	3	100	0	0	22.469	1	0	6	6	0	7	0	0.00796921	3.5
0	0	0	0	3	1	0	214.22	3.057	450.673	0	70.036	380.637	0	727.82	0	2.25	0.0128392	0	0.868267	24.682	8.044	9.218	5.424	2.909	-3.091	-3.298	-5.479	2146.588	-0.237	1129.617	-1.181	9.39	0.587	1	0.002	3	100	0	0	51.531	3	0	12	12	0	16	0	0	5.27
2	0	0	0	0	0	1	130.149	4.849	317.94	0	60.127	257.813	0	486.222	0	3	0.0483617	0	0.9405385	15.767	5.187	6.978	5.602	0.979	-0.978	-1.045	-3.724	2665.115	0.11	1427.245	-1.719	9.61	1.064	2	-0.773	3	93.994	0	0	27.359	2	0	10	10	0	10	0	0	3.11
9	0	0	0	2	0	0	56.064	2.392	227.879	103.049	60.66	64.17	0	297.517	1.5	1.7	0.0192329	0.0091367	0.9458044	5.081	1.984	3.978	4.547	0.14	0.568	-0.077	-2.715	2634.262	-0.009	1409.394	-2.219	10.771	-1.791	1	-0.939	3	88.986	0	0	23.521	1	0	0	0	0	4	0	0.0371372	4.56
10	0	0	0	1	0	0	55.079	5.065	239.519	154.255	71.352	13.912	0	320.761	0	1.5	0.0799944	0	0.946119	6.174	1.666	2.902	2.132	0.16	0.274	-0.547	-2.47	2085.804	-0.028	1095.083	-2.689	12.204	-1.611	1	-0.895	3	87.291	0	0	25.658	1	0	0	0	0	4	0	0	1.56
7	0	0	0	2	0	2	160.258	0.471	408.201	252.275	0	155.926	0	676.61	0	0	0.000328	0	0.9130957	21.129	5.786	6.009	0.085	4.453	-4.909	-4.859	-3.682	9906.038	0.697	5899.293	-0.778	9.038	0.049	0	0.497	3	100	0	0	0	0	0	6	6	0	12	0	0	3.51
3	0	0	0	3	0	0	164.247	1.81	392.957	210.928	54.438	127.591	0	645.187	1	0.75	0.0050755	0.0019086	0.9189173	18.959	5.927	7.372	3.445	3.062	-2.496	-2.479	-3.452	3017.628	-0.047	1632.345	-1.785	9.049	-0.363	1	0.061	3	100	0	0	22.469	1	0	6	6	0	12	0	0.00456628	4.8
3	0	0	0	2	0	1	150.22	1.673	373.361	191.102	54.438	127.821	0	601.684	1	0.75	0.0046519	0.0020088	0.9231693	17.862	5.516	7.019	3.62	3.286	-2.4	-2.191	-3.385	3017.61	0.017	1632.334	-1.88	9.051	-0.365	1	-0.019	3	100	0	0	22.469	1	0	6	6	0	11	0	0.00499273	4.47
9	0	0	0	0	0	2	106.167	0.024	327.255	175.749	0	151.506	0	494.864	0	0	1.2e-06	0	0.9245609	15.097	3.929	3.962	0.721	3.104	-2.855	-2.967	-3.475	9906.038	0.544	5899.293	-0.986	9.307	-0.427	2	0.055	3	100	0	0	0	0	0	6	6	0	8	0	0	4.21
9	0	0	0	0	0	1	79.101	1.866	256.912	0	26.146	230.766	0	363.162	0	1.5	0.0095908	0	0.9581815	10.584	3.56	3.647	3.562	0.725	0.665	-0.417	-3.309	5596.994	0.374	3182.736	-1.188	10.04	-0.022	2	-0.729	3	100	0	0	12.17	1	0	6	6	0	6	0	0	2.9
4	0	0	0	0	0	1	129.161	1.807	326.849	0	20.777	306.072	0	501.159	0	1	0.0065173	0	0.9335431	16.825	5.335	5.566	3.714	2.091	-1.336	-1.951	-4.067	6293.195	0.405	3612.727	-0.824	9.213	0.687	1	-0.195	3	100	0	0	11.825	1	0	10	10	0	10	0	0	3.45
10	1	0	0	2	0	2	73.138	1.384	275.412	227.518	47.894	0	0	398.79	2	1	0.0048	0.0051349	0.9513618	8.521	2.874	5.149	4.181	0.095	1.393	0.824	-3.045	868.201	0.489	469.77	-4.273	9.37	-3.047	2	-0.724	3	80.099	0	0	24.404	1	0	0	0	0	5	0	0.0193362	2.42
9	0	0	0	1	0	1	104.151	0.067	313.341	63.175	0	250.167	0	470.837	0	0	9.6e-06	0	0.9341026	14.436	4.463	3.875	0.961	2.949	-2.818	-2.717	-3.791	9906.038	0.318	5899.293	-0.542	9.187	0.083	0	-0.058	3	100	0	0	0	0	0	6	6	0	8	0	0	3.51
7	0	0	0	1	1	1	116.16	2.102	337.528	302.376	35.152	0	0	513.195	0	2	0.00861	0	0.9184253	13.742	3.247	4.569	2.52	1.088	-0.725	-0.612	-2.852	4597.815	0.225	2573.296	-2.071	10.787	-1.139	0	-0.47	3	100	0	0	31.388	2	0	0	0	0	8	0	0	2.55
6	1	0	0	3	0	2	129.245	0.993	337.11	303.677	33.433	0	0	556.217	2	1	0.0017741	0.0041951	0.9702634	14.179	4.719	7.016	4.01	1.265	0.01	-0.162	-2.739	1190.57	0.544	660.864	-3.91	9.252	-3.025	1	-0.35	3	89.401	0	0	19.815	1	0	0	0	0	9	0	0.0109421	3.72
11	0	0	0	0	0	1	165.834	0.001	282.3	0	0	17.798	264.503	405.934	0	0	0	0	0.9391983	10.261	4.003	3.397	0.612	2.546	-2.154	-2.588	-2.601	9906.038	0.192	10000	-1.457	9.56	0.2	0	-0.204	3	100	0	0	0	0	0	0	0	0	6	0	0	3.91
4	0	0	0	1	0	2	231.893	2.364	358.229	0	47.86	71.778	238.591	560.364	1	0.75	0.0099727	0.0020936	0.9175954	16.315	6.261	7.631	3.461	3.503	-2.762	-3.883	-3.208	3483.716	0.71	10000	-2.053	9.368	0.649	1	-0.092	3	100	0	0	21.483	1	0	6	6	0	11	0	0.0032342	6.13
12	0	0	0	0	0	0	72.107	1.984	234.513	234.513	0	0	0	338.434	0	1.7	0.0116292	0	1.0014944	7.39	2.049	2.218	1.958	0.459	0.548	0.121	-1.508	9906.038	-0.116	5899.293	-2.471	10.743	-3.031	1	-0.854	3	100	0	0	10.222	1	0	5	5	4	5	0	0	1.52
3	0	0	0	2	0	1	150.22	1.758	387.35	247.083	43.049	97.219	0	617.842	1	0.75	0.0049995	0.0019362	0.9056896	18.216	5.225	7.008	3.368	3.285	-2.311	-2.191	-3.522	3869.622	0.093	2135.749	-1.778	9.046	-0.336	3	0.025	3	100	0	0	20.343	1	0	6	6	0	11	0	0.00499259	4.67
10	0	0	0	0	0	1	92.14	0.386	295.727	87.876	0	207.851	0	435.843	0	0	0.0003411	0	0.9400719	13.273	3.837	3.449	0.923	2.727	-2.218	-2.353	-3.493	9906.038	0.368	5899.293	-0.787	9.543	-0.421	1	-0.117	3	100	0	0	0	0	0	6	6	0	7	0	0	3.42
11	0	0	0	0	0	1	131.389	1.516	261.89	24.155	0	28.312	209.422	366.426	0	0	0.0062745	0	0.9455901	8.781	3.299	2.724	0.615	2.418	-1.941	-1.631	-2.547	9906.038	0.24	10000	-1.42	9.668	-0.045	0	-0.318	3	100	0	0	0	0	0	0	0	0	5	0	0	3.47
13	0	0	0	0	3	-2	90.079	2.9	192.996	192.996	0	0	0	293.288	0	5.1	0.0286671	0	1.1061476	5.583	3.095	3.763	5.207	-1.879	2	2	0.186	9906.038	-1.753	5899.293	-1.52	10.833	-2.261	0	-1.895	3	87.465	0	0	28.257	3	0	6	6	3	6	0	0	1.18
6	1	0	0	6	0	1	143.272	0.454	433.568	433.568	0	0	0	697.055	0	2	0.0002963	0	0.8769047	17.89	4.605	5.486	1.409	2.464	-1.261	-1.19	-4.25	2470.586	0.146	1454.789	-0.909	9.104	-2.669	1	-0.148	3	100	0	0	4.344	1	0	0	0	0	10	0	0	3.45
