QikProp_.stars	QikProp_.amine	QikProp_.amidine	QikProp_.acid	QikProp_.amide	QikProp_.rotor	QikProp_.rtvFG	QikProp_CNS	QikProp_mol_MW	QikProp_dipole	QikProp_SASA	QikProp_FOSA	QikProp_FISA	QikProp_PISA	QikProp_WPSA	QikProp_volume	QikProp_donorHB	QikProp_accptHB	QikProp_dip.2.V	QikProp_ACxDN..5.SA	QikProp_glob	QikProp_QPpolrz	QikProp_QPlogPC16	QikProp_QPlogPoct	QikProp_QPlogPw	QikProp_QPlogPo.w	QikProp_QPlogS	QikProp_CIQPlogS	QikProp_QPlogHERG	QikProp_QPPCaco	QikProp_QPlogBB	QikProp_QPPMDCK	QikProp_QPlogKp	QikProp_IP.eV.	QikProp_EA.eV.	QikProp_.metab	QikProp_QPlogKhsa	QikProp_HumanOralAbsorption	QikProp_PercentHumanOralAbsorption	QikProp_SAfluorine	QikProp_SAamideO	QikProp_PSA	QikProp_.NandO	QikProp_RuleOfFive	QikProp_.ringatoms	QikProp_.in34	QikProp_.in56	QikProp_.noncon	QikProp_.nonHatm	QikProp_RuleOfThree	QikProp_ACxDN..5.SAxSASA.MW	Class
1	0	0	0	0	3	0	-1	296.408	1.784	526.847	292.567	88.962	145.318	0	943.529	2.5	1.5	0.003372	0.0045017	0.883047	31.068	9.318	14.353	7.058	3.674	-3.977	-4.659	-4.117	1419.948	-0.378	722.667	-2.359	8.935	-0.358	4	0.562	3	100	0	0	41.509	2	0	17	0	17	11	22	0	0.0080015	noninducer
2	1	0	0	0	3	0	2	309.838	2.635	587.759	240.487	4.539	280.731	62.002	1031.219	0	2	0.0067346	0	0.8398467	35.87	10.226	12.711	4.404	4.966	-4.794	-4.396	-6.188	2237.465	0.89	2857.073	-2.389	8.852	0.404	2	0.949	3	100	0	0	5.804	1	0	15	0	12	0	22	0	0	inducer
2	1	0	0	0	3	0	2	311.853	2.038	573.481	260.789	6.037	248.424	58.232	1023.494	0	2	0.004059	0	0.8564513	35.252	9.953	12.448	4.159	5.012	-4.49	-4.31	-5.766	2165.485	0.869	2629.774	-2.53	9.154	0.198	4	0.927	3	100	0	0	5.803	1	1	15	0	12	2	22	0	0	inducer
1	1	0	0	0	0	0	2	162.234	1.585	386.948	170.278	34.177	182.493	0	621.097	1	2.5	0.0040465	0.0064608	0.9098121	20.445	5.836	8.89	6.051	1.567	-1.266	-0.943	-4.588	1171.394	0.687	649.366	-3.569	8.809	-0.277	0	-0.152	3	91.042	0	0	20.721	2	0	12	0	12	4	12	0	0.0154098	noninducer
5	0	0	0	0	0	0	2	268.357	1.098	518.556	165.713	0	352.843	0	901.036	0	0	0.0013382	0	0.8700225	33.275	9.114	10.598	3.516	6.259	-7.161	-7.195	-5.318	9906.038	0.524	5899.293	-0.277	8.131	0.886	3	1.234	1	100	0	0	0	0	1	20	0	20	2	21	1	0	noninducer
0	0	1	0	1	3	0	-2	237.648	6.661	463.086	0	269.374	129.731	63.98	728.763	3	2.5	0.0608863	0.0093506	0.845723	22.324	8.675	14.388	10.732	0.253	-3.772	-3.508	-3.273	21.75	-1.971	22.919	-7.802	8.831	0.958	1	-0.533	2	52.366	0	13.062	128.167	6	0	6	0	6	0	16	1	0.0182208	inducer
1	1	0	0	0	6	0	-2	169.18	4.858	372.186	76.962	204.444	90.78	0	584.14	5	3.25	0.0404009	0.0195258	0.9079941	14.238	6.887	13.925	11.824	-0.946	0.684	-0.493	-4.18	28.448	-1.053	11.675	-6.454	8.727	-0.135	6	-0.888	2	47.433	0	0	90.992	4	0	6	0	6	0	12	0	0.0429556	inducer
0	0	0	0	0	5	0	-2	286.336	1.902	571.639	271.505	170.997	129.137	0	957.758	4	6.2	0.0037787	0.021692	0.8220166	30.198	10.035	18.895	13.999	1.255	-3.551	-2.967	-5.028	236.776	-1.425	104.252	-3.736	7.93	-0.224	4	-0.271	3	76.787	0	0	96.475	7	0	17	3	14	6	21	0	0.0433057	noninducer
0	0	0	0	1	8	1	0	489.463	7.938	733.45	262.108	100.088	248.247	123.007	1328.86	0	7.5	0.047414	0	0.7969801	44.261	12.281	19.651	11.607	3.754	-4.489	-6.172	-4.627	664.101	-0.667	2622.601	-1.722	9.733	0.625	1	-0.192	3	100	122.734	28.207	107.391	8	0	17	0	17	3	33	0	0	noninducer
NA	NA	NA	NA	NA	NA	NA	NA	NA	NA	NA	NA	NA	NA	NA	NA	NA	NA	NA	NA	NA	NA	NA	NA	NA	NA	NA	NA	NA	NA	NA	NA	NA	NA	NA	NA	NA	NA	NA	NA	NA	NA	NA	NA	NA	NA	NA	NA	NA	NA	NA	noninducer
0	0	0	0	1	8	0	-2	465.428	9.084	734.106	229.945	128.948	252.496	122.717	1306.597	2	6.75	0.0631563	0.0130035	0.7873493	43.411	12.79	22.17	13.349	3.755	-5.573	-6.231	-4.803	418.012	-1.004	1322.303	-2.238	8.707	0.473	2	0.138	3	95.846	122.717	19.083	115.136	8	0	17	0	17	1	33	0	0.02051	noninducer
NA	NA	NA	NA	NA	NA	NA	NA	NA	NA	NA	NA	NA	NA	NA	NA	NA	NA	NA	NA	NA	NA	NA	NA	NA	NA	NA	NA	NA	NA	NA	NA	NA	NA	NA	NA	NA	NA	NA	NA	NA	NA	NA	NA	NA	NA	NA	NA	NA	NA	NA	noninducer
0	0	0	0	0	2	0	0	151.165	6.298	366.971	95.023	110.65	161.297	0	560.084	2	3.25	0.0708098	0.0125247	0.8954385	16.517	5.657	10.534	8.141	0.514	-1.06	-1.469	-3.993	884.304	-0.477	433.144	-2.799	8.619	-0.255	1	-0.537	3	82.692	0	0	59.566	3	0	6	0	6	0	11	0	0.0304052	noninducer
1	0	0	1	1	4	1	-1	163.191	4.303	356.379	151.87	144.534	0	59.975	544.679	1.25	3.25	0.0339862	0.0101959	0.905066	13.076	4.935	7.891	7.389	0.462	-0.655	-0.679	0.114	70.878	-0.707	119.584	-3.799	9.183	-0.136	2	-1.112	2	62.77	0	22.409	82.19	4	0	0	0	0	0	10	0	0.022266	noninducer
1	0	0	1	0	2	1	-1	180.16	2.386	372.262	92.049	119.352	160.861	0	593.487	1	4.5	0.0095913	0.0120883	0.9174671	17.849	6.065	9.471	7.977	1.189	-1.71	-1.578	-1.827	185.219	-0.502	101.682	-2.96	9.99	0.601	0	-0.769	3	74.496	0	0	78.513	4	0	6	0	6	0	13	0	0.0249779	noninducer
0	0	0	1	0	10	1	-2	326.435	3.493	662.62	463.064	97.948	101.607	0	1151.671	1	2.75	0.0105954	0.0041502	0.801899	34.485	10.552	13.657	4.639	5.31	-5.719	-5.09	-3.415	295.568	-1.055	168.512	-2.007	8.221	1.421	6	0.635	3	89.3	0	0	53.419	3	1	6	0	6	0	24	1	0.00842436	noninducer
0	0	0	0	0	6	0	-2	225.207	10.674	450.025	143.05	242.967	64.009	0	720.649	4	8.9	0.158085	0.0395533	0.8637947	19.445	7.833	19.013	16.191	-1.554	-2.304	-1.382	-4.041	49.187	-1.969	19.072	-5.196	8.274	0.078	2	-0.949	2	48.13	0	0	126.347	8	0	9	0	9	0	16	0	0.0790383	noninducer
0	0	0	2	0	8	0	-2	273.188	5.875	485.949	107.885	259.995	116.569	1.499	799	4	10.7	0.0432042	0.0440376	0.8569181	21.798	9.109	19.335	18.083	-0.575	-1.323	-1.549	-0.788	2.176	-2.276	1.081	-5.132	8.289	-0.025	2	-1.415	1	29.62	0	0	136.345	9	0	9	0	9	0	18	1	0.0783344	noninducer
0	0	0	0	1	9	0	-2	389.453	4.973	699.744	507.792	114.074	77.879	0	1229.207	3	8.7	0.0201171	0.0215348	0.7930663	38.004	11.719	21.197	15.958	1.809	-3.389	-3.639	-3.877	467.5	-1.188	399.527	-2.483	7.974	0.526	5	-0.465	3	85.323	0	30.698	106.437	9	0	15	0	15	4	28	0	0.0386923	noninducer
6	1	0	0	2	21	0	-2	551.765	13.072	990.249	764.674	169.755	55.82	0	1832.686	5	9.9	0.0932457	0.0223551	0.7313847	54.239	18.552	31.139	20.241	3.035	-3.525	-4.183	-4.122	21.642	-2.419	26.473	-4.498	8.594	-0.242	9	-0.2	1	42.696	0	56.247	136.195	9	2	6	0	6	0	39	2	0.0401206	noninducer
3	0	0	0	0	0	0	-1	136.113	5.904	296.797	0	183.156	113.641	0	442.302	2	4.5	0.0788131	0.0214421	0.9459136	12.632	5.063	10.403	9.814	-0.551	-2.266	-1.151	-2.949	181.564	-0.801	78.244	-4.495	9.33	0.751	1	-0.741	3	64.149	0	0	86.438	5	0	9	0	9	0	10	0	0.0467549	inducer
0	0	0	0	0	2	0	0	294.355	4.653	531.437	244.409	57.5	229.527	0	942.658	1	4.5	0.0229708	0.0084676	0.874882	32.479	9.301	14.544	8.406	3.2	-4.051	-4.355	-4.651	2822.437	-0.058	1518.523	-1.579	8.265	0.035	3	0.248	3	100	0	0	52.856	5	0	18	0	18	2	22	0	0.0152876	noninducer
0	0	0	1	0	15	1	-2	354.486	3.657	748.876	523.684	221.926	3.265	0	1300.246	3	7.4	0.0102869	0.0171152	0.7693174	36.282	12.724	19.881	11.427	2.948	-3.672	-3.478	-3.473	19.723	-2.84	9.034	-4.158	10.444	-0.702	6	-0.197	2	67.383	0	0	115.192	5	0	5	0	5	4	25	1	0.036157	noninducer
5	1	0	0	0	1	0	2	151.251	1.159	351.163	303.183	47.98	0	0	575.987	2	1	0.002331	0.0040272	0.9533769	16.255	4.839	7.863	4.584	1.44	-0.565	-0.542	-3.013	866.572	0.55	468.818	-4.37	9.338	-2.937	0	-0.215	3	87.956	0	0	24.868	1	0	10	0	10	10	11	0	0.00935004	inducer
0	1	0	0	0	5	0	1	378.106	4.95	531.229	218.824	79.874	83.916	148.614	901.936	3.5	4.2	0.027165	0.0147911	0.8498339	27.532	9.54	16.768	10.324	2.326	-2.772	-4.226	-5.088	431.872	0.288	1439.464	-4.279	8.461	0.363	4	-0.105	3	87.732	0	0	54.306	3	0	12	0	12	6	18	0	0.0207811	inducer
15	4	0	0	1	22	2	-2	585.607	15.195	826.231	367.016	459.215	0	0	1600.985	17	26.9	0.1442125	0.1342379	0.8010412	43.791	20.156	56.432	53.29	-8.416	-0.438	4.614	-6.282	0.004	-4.737	0.002	-11.996	8.943	-1.108	14	-2.505	1	0	0	25.905	308.113	18	3	18	0	18	16	40	2	0.189396	inducer
0	1	0	0	0	8	0	0	437.418	8.2	721.551	218.194	126.438	254.203	122.717	1264.719	3	5.25	0.0531676	0.0126024	0.7838395	41.751	12.622	22.059	11.888	4.012	-5.21	-5.725	-6.968	156.24	-0.591	345.984	-4.249	8.688	0.465	4	0.538	3	89.704	122.717	0	103.559	7	0	17	0	17	1	31	0	0.0207885	inducer
0	1	0	1	0	8	0	0	337.461	2.015	659.099	261.244	113.905	283.951	0	1161.773	2	3.5	0.0034939	0.0075099	0.8108898	37.915	12.268	17.101	8.624	2.562	-4.965	-4.041	-4.865	52.028	-0.675	28.515	-3.913	9.319	-0.129	7	0.51	2	72.665	0	0	60.274	3	0	15	0	12	3	25	1	0.0146677	noninducer
0	1	0	0	0	11	0	1	645.318	2.825	800.749	435.207	27.947	223.617	113.978	1458.684	0	5.25	0.0054721	0	0.7768005	47.295	14.5	18.327	6.142	7.281	-6.129	-10.193	-6.936	1342.087	0.27	3167.49	-2.253	9.08	1.266	4	0.981	1	100	0	0	42.708	4	2	15	0	15	0	31	1	0	inducer
2	1	0	0	0	3	0	2	277.408	1.028	562.774	268.887	5.95	287.937	0	995.895	0	2	0.0010607	0	0.8569848	34.525	9.559	11.921	4.381	5.025	-4.415	-3.578	-5.945	2169.571	0.727	1264.183	-2.389	9.063	0.049	4	0.847	3	100	0	0	5.803	1	1	15	0	12	2	21	0	0	inducer
0	1	0	0	0	8	2	1	408.881	5.738	695.441	394.688	125.418	135.04	40.294	1261.068	2	6.2	0.0261123	0.012608	0.8117033	40.467	12.523	19.811	10.45	3.003	-4.26	-4.601	-5.949	159.756	-0.69	125.312	-4.65	8.575	0.467	8	0.458	2	83.967	0	0	103.29	7	0	12	0	12	1	28	1	0.0214442	noninducer
0	1	0	0	0	7	0	1	355.866	6.916	640.541	232.911	61.599	274.593	71.438	1124.507	2	4.25	0.0425385	0.0093833	0.8164437	36.976	11.977	17.837	9.144	4.019	-4.217	-4.572	-6.538	643.667	0.099	837.049	-3.078	8.115	0.758	5	0.486	3	100	0	0	46.854	4	0	16	0	16	0	25	0	0.0168895	inducer
1	1	0	1	2	6	1	-2	365.403	5.847	563.402	165.332	238.797	131.47	27.803	1027.004	4.25	8	0.0332916	0.0292729	0.8737654	32.35	11.612	22.023	19.998	-2.355	-0.981	-1.304	-0.371	1.39	-1.417	2.124	-6.944	9.261	0.794	5	-1.116	1	15.721	0	48.834	141.66	8	0	13	4	9	4	25	1	0.0451349	noninducer
0	1	0	1	2	5	1	-1	349.404	7.313	551.158	165.347	184.372	173.631	27.807	1004.429	3.25	7.25	0.0532477	0.0237139	0.8800387	32.491	11.113	20.331	17.903	-1.973	-1.508	-1.329	-0.471	4.563	-0.858	7.676	-5.888	9.502	0.803	5	-0.994	2	27.193	0	48.838	119.2	7	0	13	4	9	4	24	1	0.0374069	noninducer
0	0	0	0	0	0	0	0	256.091	1.638	433.213	86.829	114.493	113.739	118.151	707.223	1	4	0.0037916	0.0092333	0.8861382	23.235	7.451	11.503	7.76	1.869	-3.109	-3.483	-3.917	813.139	-0.119	1755.822	-3.229	8.436	0.801	2	-0.183	3	89.975	0	0	60.917	4	0	13	0	13	2	16	0	0.0156194	noninducer
1	0	0	0	0	2	0	2	185.243	2.942	395.467	0	16.196	293.393	85.878	629.355	0	2.5	0.0137539	0	0.8980869	20.55	6.85	8.031	4.828	2.828	-2.451	-2.447	-4.58	6955.24	0.52	10000	-0.592	8.384	1.459	0	-0.309	3	100	0	0	11.545	1	0	10	0	10	0	13	0	0	noninducer
3	0	2	0	0	13	0	-2	256.393	2.749	619.908	333.319	286.59	0	0	1022.99	8	4	0.0073859	0.0182506	0.7920486	26.439	11.473	22.254	15.95	0.448	-2.365	-2.096	-4.897	18.974	-3.266	6.812	-9.678	8.383	-1.28	2	-0.722	2	39.487	0	0	142.428	6	1	0	0	0	0	18	1	0.0441264	noninducer
0	1	0	0	0	6	0	1	448.391	5.985	782.41	352.993	83.614	230.174	115.629	1371.46	1	6.25	0.0261198	0.0079881	0.7629911	47.077	14.435	20.893	10.074	4.858	-6.476	-5.714	-7.191	398.005	-0.073	869.301	-3.736	8.89	0.266	5	0.834	1	100	0	0	58.965	5	0	22	0	22	6	30	1	0.0139387	inducer
8	0	0	0	1	17	1	-2	704.865	4.056	1068.735	517.541	162.808	388.386	0	2105.302	3.5	12.7	0.0078127	0.0222314	0.7433121	70.894	22.74	35.967	21.296	5.484	-7.256	-8.695	-6.163	201.668	-2.426	126.479	-1.52	9.339	0.697	6	0.606	1	61.43	0	18.512	157.813	13	3	18	0	18	0	51	1	0.0337078	noninducer
0	1	0	0	1	9	0	-2	266.339	5.62	581.08	287.424	157.83	135.826	0	964.358	4	6.45	0.0327548	0.0222	0.8123719	27.958	10.036	18.422	15.724	0.156	-1.294	-0.772	-4.568	43.635	-1.175	35.079	-5.148	9.045	-0.404	5	-0.788	2	57.211	0	32.194	94.924	5	0	6	0	6	0	19	0	0.0484344	noninducer
1	1	0	0	0	6	0	1	255.359	0.48	556.754	223.929	24.27	308.556	0	953.626	1	2.25	0.0002415	0.0040413	0.8415638	31.104	9.599	12.263	5.68	3.679	-3.396	-3.134	-6.293	1454.289	0.372	820.419	-2.366	9.032	-0.209	5	0.52	3	100	0	0	19.135	2	0	12	0	12	0	19	0	0.00881116	noninducer
0	0	0	0	0	1	0	0	366.843	5.929	625.542	141.125	110.657	302.036	71.725	1104.94	1	4.75	0.0318189	0.0075934	0.8262933	40.308	12.108	18.195	9.98	4.089	-6.091	-5.702	-5.783	884.179	-0.401	1070.227	-2.399	9.303	1.641	3	0.657	3	100	0	0	68.619	3	0	22	0	22	6	26	1	0.0129483	noninducer
0	1	0	0	0	5	1	1	289.374	3.503	538.947	290.804	72.019	176.124	0	956.707	0	4.7	0.0128286	0	0.8712409	30.605	8.918	12.281	6.23	1.869	-2.087	-2.376	-5.182	512.676	0.028	265.83	-3.809	9.383	-0.407	4	-0.074	3	86.387	0	0	50.016	4	0	14	0	14	7	21	0	0	inducer
2	2	0	0	0	8	0	2	391.383	0.203	732.873	281.492	4.351	338.295	108.735	1288.094	2	3	3.19e-05	0.0057891	0.7812104	43.489	13.924	18.725	7.971	5.621	-5.042	-4.441	-8.138	560.324	1.098	1276.004	-3.765	9.257	-0.054	4	1.097	3	96.094	0	0	22.007	2	1	18	0	18	6	26	0	0.0108402	inducer
1	2	0	0	0	6	0	2	388.635	1.98	694.858	610.035	55.34	29.483	0	1307.651	1	5.7	0.0029993	0.0082031	0.8322688	42.607	11.172	17.971	7.724	3.712	-3.403	-2.787	-5.839	184.04	0.466	97.178	-5.985	9.068	-1.198	5	0.806	3	89.217	0	0	31.144	3	0	17	0	17	15	28	0	0.0146667	inducer
1	2	0	0	0	8	0	1	457.959	2.021	829.979	394.938	104.725	258.678	71.639	1458.467	0	8	0.0028016	0	0.7493685	49.547	15.182	20.746	10.329	3.712	-4.327	-3.986	-8.273	62.603	-0.189	74.784	-5.895	8.738	0.905	4	0.372	3	80.833	0	0	90.479	8	0	22	0	22	5	32	0	0	inducer
5	2	0	0	0	10	6	1	748.993	10.568	867.579	783.681	83.898	0	0	1937.805	4	17.75	0.0576329	0.0409185	0.8664222	64.976	16.92	37.881	23.514	2.274	-1.781	-3.908	-5.146	98.649	0.013	49.527	-6.231	6.852	0.094	9	0.107	2	37.075	0	0	101.099	14	3	30	7	9	25	52	1	0.047397	inducer
0	0	0	0	0	7	2	-2	521.049	5.933	754.523	503.138	148.369	83.314	19.702	1455.795	1	9.7	0.024176	0.0128558	0.8233022	48.408	13.682	23.089	12.593	3.485	-5.266	-6.131	-4.788	388.076	-1.269	228.007	-3.288	9.535	0.483	5	0.325	3	80.73	0	0	114.496	7	1	17	0	17	12	36	0	0.0186163	noninducer
0	1	0	0	0	3	0	1	297.194	3.418	494.9	194.407	82.226	141.256	77.011	836.09	3	3.5	0.0139745	0.0122493	0.8672614	26.729	8.77	15.055	9.637	2.052	-2.41	-2.926	-5.08	410.249	0.241	551.881	-4.312	9.629	0.647	1	-0.042	3	85.729	0	0	55.574	3	0	12	0	12	6	17	0	0.0203981	inducer
0	1	0	1	0	8	0	0	388.893	5.971	704.299	239.715	117.173	275.688	71.724	1242.735	1	6.7	0.028688	0.009513	0.7937069	41.076	13.315	19.135	10.411	2.162	-5.06	-4.148	-5.103	48.445	-0.584	65.235	-4.002	9.309	0.094	5	0.16	3	69.768	0	0	71.488	5	0	18	0	18	5	27	0	0.0172284	inducer
1	1	0	0	0	10	0	1	366.545	1.512	716.804	391.495	4.327	320.982	0	1295.214	0	4.7	0.001766	0	0.801664	42.325	12.583	15.811	6.08	5.275	-4.492	-4.389	-6.998	2247.847	0.314	1313.554	-1.571	8.092	-0.199	5	0.696	3	100	0	0	10.682	3	1	17	0	17	4	27	0	0	inducer
1	1	0	0	0	3	0	2	136.196	2.58	377.713	166.552	35.831	175.33	0	582.943	1	2.5	0.0114152	0.0066188	0.8934858	16.923	5.235	7.617	5.33	1.494	-0.596	-0.362	-4.818	1129.846	0.482	624.507	-3.337	9.261	-0.003	3	-0.384	3	90.335	0	0	25.353	2	0	6	0	6	0	10	0	0.0183559	noninducer
0	0	0	0	0	7	0	-2	430.373	6.174	661.695	80.704	166.967	259.506	154.519	1154.909	1	7.75	0.0330041	0.0117123	0.8045243	38.049	11.183	19.389	11.821	3.013	-6.002	-6.573	-5.933	258.556	-1.199	805.088	-3.01	9.82	1.339	2	-0.076	3	87.767	154.257	0	106.322	6	0	12	0	12	0	29	1	0.0180076	noninducer
4	0	0	2	0	14	0	-2	584.671	5.703	912.398	502.865	262.541	146.992	0	1762.024	6	9	0.0184582	0.0241621	0.7732538	56.777	18.938	33.047	19.265	5.066	-6.521	-8.202	-2.287	2.058	-3.208	0.999	-4.496	8.21	1.595	9	0.348	1	23.345	0	0	194.876	10	3	20	0	20	0	43	3	0.0377057	inducer
0	0	0	0	0	5	2	-1	361.396	3.465	655.025	208.5	96.618	349.907	0	1154.731	0	6	0.0103961	0	0.812633	40.189	12.089	16.56	9.14	3.648	-4.674	-5.044	-6.232	1201.35	-0.713	603.203	-1.588	9.459	0.096	3	0.153	3	100	0	0	85.54	5	0	18	0	18	0	27	0	0	noninducer
0	1	0	0	0	5	0	2	335.368	4.557	609.772	243.66	7.027	238.603	120.482	1061.036	0	2.75	0.0195724	0	0.8250579	35.377	8.991	13.241	4.505	5.041	-4.824	-4.631	-6.227	2119.172	0.888	5633.507	-2.391	9.034	0.815	2	0.75	3	100	120.482	0	9.449	2	1	17	0	17	4	24	0	0	inducer
0	1	0	0	0	4	0	2	376.133	4.602	534.131	277.89	34.471	73.126	148.644	919.273	1.5	3	0.0230352	0.0068789	0.8560124	28.765	8.888	13.401	6.058	3.574	-3.631	-4.882	-4.937	1163.877	0.772	4204.723	-3.576	8.309	0.307	3	0.335	3	100	0	0	26.442	2	0	12	0	12	6	18	0	0.00976844	inducer
0	1	0	0	2	6	1	0	654.602	8.616	802.761	490.775	100.356	144.879	66.751	1654.446	2.25	10.75	0.0448696	0.0200869	0.8427145	57.588	16.008	29.288	18.356	3.021	-3.903	-6.765	-2.745	150.419	-0.178	316.09	-4.345	8.367	0.527	6	0.103	3	70.647	0	33.143	108.226	10	1	28	0	28	11	43	0	0.0246333	noninducer
0	0	0	0	0	6	1	-2	430.54	8.816	663.305	427.383	155.368	80.554	0	1257.714	2	9.85	0.0617904	0.0210009	0.8495194	41.096	12.009	22.571	14.228	2.054	-3.949	-4.386	-4.351	333.08	-1.233	150.758	-3.523	10.147	0.378	3	-0.079	3	84.123	0	0	97.368	6	0	20	0	20	13	31	0	0.0323547	noninducer
0	1	0	0	0	5	0	2	288.432	4.84	601.801	461.76	14.594	125.447	0	1056.857	1	4.5	0.0221634	0.0074776	0.8337894	34.129	9.228	14.525	6.914	3.52	-3.577	-2.635	-5.546	1796.404	0.521	1030.885	-2.929	9.007	-0.225	5	0.41	3	100	0	0	28.018	3	0	12	0	12	5	21	0	0.0156017	noninducer
1	0	0	0	0	0	0	0	194.193	4.973	399.126	241.992	98.183	58.951	0	642.944	0	5	0.0384726	0	0.9026165	20.14	5.354	9.254	6.673	-0.069	-0.92	-1.417	-3.389	1160.984	-0.24	581.326	-3.121	9.004	0.434	0	-0.853	3	81.396	0	0	70.102	6	0	9	0	9	0	14	0	0	noninducer
0	0	0	0	0	11	0	-2	416.643	5.268	758.603	596.386	126.937	35.28	0	1409.193	3	4.15	0.0196902	0.0094753	0.8013048	43.516	13.17	20.689	8.703	5.151	-6.371	-5.923	-4.915	619.671	-1.417	294.918	-2.679	8.73	0.085	6	0.988	1	94.122	0	0	62.603	3	1	15	0	15	12	30	1	0.0172522	noninducer
0	0	0	0	1	10	0	-2	305.416	4.669	677.49	459.215	100.965	117.31	0	1148.306	2	4	0.0189819	0.0083497	0.7827692	34.501	10.905	15.866	9.303	3.422	-4.557	-3.465	-4.232	698.666	-1.138	544.383	-2.007	9.094	0.015	6	0.128	3	100	0	24.394	67.968	4	0	6	0	6	0	22	0	0.0185217	noninducer
0	0	0	0	1	0	0	0	236.273	5.669	453.985	44.688	87.295	322.002	0	766.787	2	2	0.0419089	0.0062302	0.892429	27.608	8.775	13.572	10.923	2.388	-2.507	-3.123	-3.434	807.029	-0.167	751.669	-1.994	8.686	0.386	3	-0.112	3	92.956	0	32.813	49.005	3	0	15	0	12	0	18	0	0.011971	noninducer
2	2	0	1	0	7	1	-1	226.232	4.102	411.649	75.516	243.16	92.973	0	691.639	5	4	0.0243249	0.0217279	0.918806	17.919	8.395	15.596	12.715	-2.663	0.827	-0.225	-2.934	0.772	-0.982	0.333	-9.127	9.185	0.143	3	-0.884	1	0	0	0	122.179	6	1	6	0	6	0	16	1	0.0395358	noninducer
13	0	0	0	0	0	0	1	153.823	0	265.135	0	0	0	265.135	373.997	0	0	0	0	0.9468398	8.813	3.599	2.881	0.45	2.479	-1.975	-2.127	-2.392	9906.038	0.192	10000	-1.52	11.043	0.926	0	-0.296	3	100	0	0	0	0	0	0	0	0	0	5	0	0	noninducer
0	0	0	0	0	7	0	-2	260.333	7.473	572.096	409.713	162.383	0	0	959.011	3	5	0.0582366	0.0151378	0.8220763	27.731	8.85	16.357	9.975	1.765	-3.609	-2.48	-4.411	285.774	-1.46	127.754	-3.84	9.695	-0.809	1	-0.131	3	81.236	0	0	106.582	6	0	0	0	0	0	18	0	0.0332661	noninducer
NA	NA	NA	NA	NA	NA	NA	NA	NA	NA	NA	NA	NA	NA	NA	NA	NA	NA	NA	NA	NA	NA	NA	NA	NA	NA	NA	NA	NA	NA	NA	NA	NA	NA	NA	NA	NA	NA	NA	NA	NA	NA	NA	NA	NA	NA	NA	NA	NA	NA	NA	noninducer
0	0	0	0	0	2	0	-1	381.372	4.252	611.438	88.629	151.566	241.758	129.485	1057.596	2	5.5	0.0170948	0.0127211	0.8210306	37.196	10.415	19.089	11.817	3.209	-5.631	-5.728	-5.581	361.91	-0.738	844.443	-3.269	9.58	1.463	1	0.314	3	91.529	127.624	0	79.611	5	0	17	0	17	0	26	0	0.0203952	noninducer
2	2	0	0	0	3	0	2	300.83	2.44	567.372	209.757	5.697	280.195	71.723	996.278	0	4	0.0059762	0	0.8502578	34.467	9.991	13.368	6.333	3.355	-2.26	-2.33	-6.744	544.096	1.303	775.007	-4.475	9.162	0.018	4	0.313	3	95.554	0	0	8.132	2	0	18	0	18	4	21	0	0	inducer
14	0	0	0	0	0	3	1	119.378	1.893	243.378	28.132	0	0	215.246	331.588	0	0	0.0108104	0	0.9519539	7.116	2.798	2.203	0.38	1.97	-1.172	-1.268	-2.309	9906.038	0.248	10000	-1.52	10.889	0.403	0	-0.419	3	100	0	0	0	0	0	0	0	0	0	4	0	0	noninducer
0	1	0	0	0	8	0	1	319.876	6.321	647.513	367.315	21.912	186.849	71.438	1122.257	1	4	0.0356048	0.0061775	0.8065756	35.406	10.831	15.191	6.362	4.441	-4.399	-3.663	-6.279	1531.131	0.431	2135.707	-2.56	8.303	0.586	4	0.549	3	100	0	0	24.569	3	0	10	0	10	0	22	0	0.0125049	inducer
1	1	0	0	0	8	0	2	388.767	5.477	699.681	270.284	21.733	188.363	219.3	1215.216	1	4	0.0246809	0.0057169	0.7871076	39.141	12.817	17.026	6.549	5.609	-5.986	-5.071	-6.601	1537.11	0.784	10000	-2.551	8.382	0.645	4	0.799	3	100	0	0	24.574	3	1	10	0	10	0	24	1	0.010289	inducer
1	1	0	0	0	3	0	2	183.68	3.845	385.738	155.322	34.993	123.7	71.723	644.917	2	1	0.0229286	0.0036663	0.9358539	18.911	6.652	9.477	5.004	2.114	-1.171	-1.598	-3.886	1150.692	0.691	1574.04	-3.503	9.242	-0.237	2	-0.115	3	94.108	0	0	21.774	1	0	6	0	6	0	12	0	0.00769943	inducer
2	1	0	0	0	4	0	2	318.863	2.959	570.91	213.382	6.193	242.157	109.178	995.774	0	2.5	0.0087899	0	0.8447037	33.441	9.968	12.312	4.401	5.08	-4.776	-4.476	-5.926	2158.107	0.931	4981.952	-2.459	7.859	0.384	6	0.67	3	100	0	0	8.025	2	1	14	0	14	0	21	0	0	inducer
1	1	0	0	0	7	0	-2	478.885	7.834	627.079	185.866	290.821	99.817	50.576	1183.817	3	8.25	0.0518487	0.0227873	0.8630425	37.681	13.035	22.771	14.879	-0.271	-1.888	-5.172	-4.95	4.315	-1.939	2.877	-7.918	9.304	1.102	10	-0.015	1	23.766	0	0	180.077	10	1	18	0	18	6	33	2	0.029839	noninducer
1	0	0	0	0	7	0	-2	252.337	13.918	592.543	306.596	175.419	84.427	26.101	934.707	3	5.5	0.2072486	0.0160769	0.7802415	27.565	9.401	18.789	11.189	0.434	-2.215	-2.488	-5.491	214.98	-1.715	130.536	-3.783	9.017	0.386	2	-0.294	3	71.233	0	0	97.18	6	0	5	0	5	0	17	0	0.0377521	noninducer
0	0	0	1	0	3	0	0	289.158	3.431	493.656	203.668	74.779	93.168	122.04	835.513	1	2.75	0.014091	0.0055707	0.8690459	26.247	8.245	11.689	5.604	3.927	-4.331	-4.131	-2.288	490.195	0.022	1357.223	-2.281	9.049	-0.106	2	0.076	3	100	0	0	48.758	3	0	9	3	6	3	18	0	0.0095104	noninducer
0	1	0	0	0	5	0	1	324.397	3.722	618.944	260.401	77.719	233.977	46.846	1077.091	0	4.25	0.0128617	0	0.8210106	35.975	10.086	14.136	6.429	3.64	-4.892	-4.712	-6.27	452.675	0.007	419.564	-3.71	9.202	0.82	3	0.396	3	95.793	46.846	0	38.885	3	0	15	0	15	2	24	0	0	inducer
1	1	0	0	0	6	0	2	343.895	4.375	639.185	296.807	6.293	264.362	71.723	1143.438	0	2.75	0.0167419	0	0.8273327	38.278	11.247	14.013	4.509	5.428	-5.006	-4.812	-6.313	2153.399	0.715	3098.832	-2.191	9.351	-0.039	3	0.947	3	100	0	0	11.304	2	1	17	0	17	4	24	0	0	inducer
0	1	0	0	1	10	1	0	424.982	5.355	685.622	520.155	104.374	0	61.093	1271.858	4	11.8	0.0225483	0.0344213	0.8280169	38.325	12.102	24.728	18.474	2.052	-1.793	-1.551	-3.667	192.722	-0.506	267.689	-4.546	8.951	-0.167	6	-0.839	3	79.855	0	14.835	85.1	7	0	11	0	11	9	27	0	0.0555318	inducer
0	0	0	0	0	5	1	-1	316.189	2.232	542.275	144.16	155.202	114.077	128.836	922.316	4	5.7	0.0054004	0.0210225	0.8450163	28.636	10.442	18.706	13.271	1.82	-3.751	-3.859	-4.584	334.289	-0.871	768.682	-3.498	8.325	0.525	1	-0.269	3	82.781	0	0	84.873	6	0	12	0	12	1	20	0	0.0360543	inducer
1	0	0	0	0	4	0	1	242.702	5.251	482.266	263.348	20.934	126.292	71.693	800.322	0	2.75	0.0344548	0	0.8644132	24.513	7.135	9.39	3.733	2.607	-3.578	-3.311	-4.328	6271.714	0.312	8891.25	-1.076	8.939	-0.24	1	0.036	3	100	0	0	34.186	3	0	6	0	6	0	16	0	0	noninducer
0	0	0	0	0	4	0	1	255.744	4.56	507.796	262.724	51.67	121.679	71.723	855.857	1	2.5	0.0242927	0.0049232	0.8585064	26.691	8.076	11.471	5.19	3.049	-4.479	-3.738	-4.402	3205.642	0.031	4306.084	-1.659	9.494	0.072	1	0.293	3	100	0	0	42.378	3	0	6	0	6	0	17	0	0.00977533	inducer
0	1	0	0	0	4	0	2	300.83	2.95	572.663	218.876	18.361	263.761	71.664	995.058	1	2.5	0.0087447	0.0043656	0.8417142	33.619	10.154	13.727	6.086	4.395	-4.23	-4.026	-6.077	1654.558	0.724	2329.038	-2.607	7.993	0.067	7	0.673	3	100	0	0	18.66	2	0	14	0	14	1	21	1	0.0083104	inducer
2	1	0	0	0	4	0	2	314.857	2.678	594.651	268.864	6.165	247.872	71.749	1047.753	0	2.5	0.0068471	0	0.8389617	35.576	10.232	12.85	4.483	4.59	-4.345	-4.141	-6.046	2159.403	0.839	3109.188	-2.439	8.192	-0.068	6	0.821	3	100	0	0	6.861	2	0	15	0	12	2	22	0	0	inducer
1	0	0	0	0	2	0	1	230.096	5.188	425.843	121.523	51.752	132.805	119.763	686.389	2	2	0.0392108	0.0066419	0.8836813	21.299	7.145	11.337	6.499	1.958	-3.297	-3.451	-4.048	3199.922	0.295	7877.887	-1.813	8.657	-0.196	0	-0.091	3	100	0	0	37.235	3	0	11	0	11	2	14	0	0.0122923	noninducer
0	1	0	0	0	3	1	2	321.821	4.316	529.686	180.657	22.19	223.834	103.005	943.067	0	4	0.0197502	0	0.8780272	31.799	9.53	12.841	5.982	3.474	-2.901	-3.709	-5.299	1521.868	0.842	3159.524	-2.915	9.09	0.133	6	0.158	3	100	0	0	27.727	3	0	15	0	15	3	21	0	0	noninducer
2	0	0	0	0	4	0	1	344.843	6.203	532.5	0	29.104	469.654	33.742	987.716	0	1.5	0.0389523	0	0.9007417	35.291	11.351	13.115	5	5.183	-5.286	-7.079	-5.378	5247	0.166	4542.841	-0.017	9.353	0.404	3	0.914	3	100	0	0	13.93	2	1	23	0	23	0	25	0	0	noninducer
0	1	0	0	0	0	0	2	326.828	6.22	575.379	212.57	30.908	260.261	71.639	1010.195	1	4	0.0382991	0.0069519	0.8462161	36.759	10.377	16.251	8.514	3.357	-4.412	-4.024	-5.988	1258.05	0.85	1731.539	-3.235	8.007	0.495	3	0.597	3	100	0	0	35.667	4	0	21	0	18	4	23	0	0.0122388	inducer
0	1	0	0	0	3	2	1	303.357	3.776	549.359	304.351	65.936	179.072	0	964.556	0	6	0.0147854	0	0.8593968	32.231	8.922	13.585	7.956	2.263	-2.175	-2.07	-5.387	585.498	0.186	306.869	-3.878	9.182	0.542	2	-0.314	3	89.728	0	0	59.088	5	0	14	0	14	7	22	0	0	inducer
0	1	0	0	0	2	0	1	299.369	1.7	490.126	314.471	51.487	124.168	0	881.304	1	5.2	0.0032802	0.0106095	0.9070014	29.017	8.112	13.312	8.239	1.21	-1.611	-2.751	-4.355	802.692	0.424	431.577	-3.902	8.559	-0.374	5	-0.024	3	86.016	0	0	38.211	4	0	18	0	18	8	22	0	0.0173698	noninducer
0	0	0	0	1	5	1	0	399.443	6.573	628.691	497.023	86.946	44.722	0	1178.728	1	7.5	0.036648	0.0119296	0.8583621	38.235	10.345	18.139	11.304	2.387	-3.542	-3.856	-2.663	1042.061	-0.525	757.892	-2.484	8.4	1.113	5	-0.168	3	94.936	0	19.284	91.828	7	0	16	0	6	3	29	0	0.0187762	noninducer
5	2	0	0	0	17	0	0	468.721	0.226	943.415	743.547	0	199.868	0	1717.26	0	5.5	2.96e-05	0	0.7351114	53.564	16.12	19.488	5.016	6.873	-6.009	-6.009	-8.224	616.169	-0.834	358.757	-3.308	8.782	-0.45	6	1.41	1	100	0	0	23.425	4	1	12	0	12	0	34	1	0	inducer
2	2	0	0	0	3	0	2	266.385	0.478	543.192	209.759	5.697	327.737	0	951.901	0	4	0.0002395	0	0.8615346	33.145	9.432	12.571	6.573	2.848	-1.489	-1.598	-6.788	544.102	1.129	313.625	-4.307	9.101	-0.217	5	0.184	3	92.583	0	0	8.132	2	0	18	0	18	4	20	0	0	inducer
0	0	0	0	0	2	2	0	416.944	10.422	604.221	420.781	82.706	37.627	63.107	1167.598	0	6	0.0930223	0	0.887493	39.648	10.446	17.621	7.483	3.703	-4.475	-5.201	-3.532	1627.783	-0.102	1856.774	-2.719	9.524	0.595	1	0.318	3	100	0	0	67.936	4	0	18	3	15	13	29	0	0	noninducer
1	0	0	0	0	4	0	-2	314.257	10.964	542.96	50.539	247.614	244.807	0	917.089	1	5	0.1310685	0.0092088	0.8407582	30.317	10.357	16.328	9.882	1.632	-3.816	-4.506	-5.276	44.44	-2.013	17.091	-4.837	8.599	2.038	3	-0.012	3	65.993	0	0	145.081	9	0	16	0	16	1	23	0	0.0159106	noninducer
0	1	0	0	1	7	0	1	426.557	3.691	727.226	239.714	72.416	415.096	0	1350.733	2	5.25	0.0100864	0.0102095	0.8125973	47.372	14.665	21.556	13.447	4.236	-4.166	-5.192	-5.896	301.73	-0.191	263.351	-2.782	9.027	-0.131	6	0.589	3	96.128	0	28.45	55.681	4	0	26	0	26	6	32	0	0.0174059	noninducer
0	1	0	0	0	7	0	0	488.006	9.555	800.353	373.059	109.576	227.484	90.235	1425.667	3	10.7	0.0640428	0.023156	0.7654122	48.579	15.379	27.242	17.359	2.838	-4.925	-4.859	-7.139	225.785	-0.485	341.945	-4.128	8.737	1.112	6	0.047	3	85.689	0	0	95.994	9	0	23	0	23	4	33	0	0.0379769	noninducer
NA	NA	NA	NA	NA	NA	NA	NA	NA	NA	NA	NA	NA	NA	NA	NA	NA	NA	NA	NA	NA	NA	NA	NA	NA	NA	NA	NA	NA	NA	NA	NA	NA	NA	NA	NA	NA	NA	NA	NA	NA	NA	NA	NA	NA	NA	NA	NA	NA	NA	NA	noninducer
1	1	0	0	0	7	0	-2	464.858	10.371	623.408	158.104	302.477	103.291	59.536	1166.78	3	9.2	0.0921823	0.0255609	0.8597758	37.032	13.046	23.699	15.912	0.014	-2.71	-4.543	-5.02	3.345	-2.042	2.447	-8.121	9.138	0.845	10	-0.199	1	23.452	0	0	185.706	10	1	18	0	18	6	32	2	0.034279	noninducer
0	1	0	0	0	4	0	2	266.385	1.692	547.467	227.071	24.27	296.126	0	952.702	1	2	0.0030057	0.0036532	0.8552864	32.233	9.551	12.652	5.768	4.883	-3.653	-3.322	-6.012	1454.283	0.5	820.416	-2.602	8.078	-0.27	6	0.652	3	100	0	0	16.038	2	0	15	0	12	2	20	0	0.00750795	inducer
0	1	0	0	0	0	0	2	310.825	3.433	534.136	207.767	35.529	219.258	71.582	955.836	1	2.5	0.012332	0.0046805	0.8785553	34.192	9.721	14.23	6.69	3.853	-4.189	-4.148	-5.269	1137.318	0.831	1551.515	-3.465	9.051	0.294	5	0.742	3	100	0	0	22.05	2	0	21	0	18	6	22	0	0.00804319	inducer
0	1	0	0	0	6	0	1	263.379	3.259	522.746	340.351	69.986	112.41	0	923.58	2	3.5	0.0115008	0.0094687	0.8773856	28.029	8.62	13.483	7.271	2.557	-2.238	-2.374	-4.778	535.953	-0.006	278.9	-3.9	8.763	-0.648	4	0.149	3	90.761	0	0	40.365	3	0	12	0	12	6	19	0	0.0187932	noninducer
0	0	0	0	0	5	0	-2	392.466	9.383	559.049	298.979	169.884	85.18	5.008	1079.944	3	8.15	0.0815252	0.0252504	0.9105746	34.668	10.916	21.399	14.12	1.808	-3.59	-4.133	-3.385	242.601	-1.092	114.005	-3.87	10.004	0.217	4	-0.098	3	80.215	5.008	0	98.435	5	0	17	0	17	12	28	0	0.035968	noninducer
2	1	0	0	0	1	0	2	271.402	1.501	494.59	407.267	2.294	85.029	0	885.422	0	2.75	0.0025449	0	0.9016116	29.451	7.267	10.389	3.992	3.212	-3.303	-2.884	-4.256	2349.871	0.883	1378.111	-3.229	8.805	-0.342	4	0.41	3	100	0	0	12.723	2	0	17	0	17	10	20	0	0	noninducer
0	0	0	0	0	0	0	1	284.744	4.339	517.249	123.281	58.304	264.644	71.021	879.042	0	4	0.0214178	0	0.8579694	31.553	9.128	12.888	7.125	3	-3.793	-3.919	-5.092	2773.341	0.21	3649.51	-1.662	9.181	0.874	1	0.1	3	100	0	0	45.571	3	0	17	0	12	1	20	0	0	noninducer
7	5	0	0	0	15	2	-2	451.519	7.168	649.324	327.103	322.221	0	0	1248.736	14	18.6	0.0411443	0.1071804	0.863676	34.189	15.272	42.487	38.99	-5.926	2	4.266	-7.369	0.135	-2.423	0.044	-10.143	8.979	-1.957	10	-1.307	1	0	0	0	217.239	13	2	18	0	18	16	31	2	0.154135	inducer
0	0	0	1	0	4	0	-1	296.152	3.341	495.667	35.27	92.412	262.517	105.469	847.294	2	2.5	0.0131777	0.0071329	0.8736375	27.693	9.817	13.764	7.873	4.505	-5.282	-4.803	-3.021	333.548	-0.226	726.334	-1.914	8.245	0.353	4	0.018	3	100	0	0	56.942	3	0	12	0	12	0	19	0	0.0119383	noninducer
0	0	0	0	0	2	0	-2	236.23	9.948	446.484	168.931	182.192	95.361	0	740.071	2	8.4	0.1337173	0.0266066	0.8862199	23.09	7.531	16.72	13.443	-0.536	-1.811	-1.595	-3.828	185.429	-1.104	80.045	-4.349	8.838	0.484	3	-0.781	3	64.401	0	0	100.856	7	0	14	0	14	4	17	0	0.0502875	noninducer
1	0	0	1	0	3	0	-1	250.201	1.912	449.339	0	140.884	229.296	79.159	736.778	1	1.75	0.0049596	0.0038946	0.8779756	23.595	7.351	10.438	5.873	3.94	-4.208	-4.259	-2.792	115.744	-0.642	166.025	-3.02	9.248	0.753	1	-0.016	3	86.948	79.159	0	67.589	3	0	12	0	12	0	18	0	0.00699436	noninducer
9	0	0	0	0	12	3	-2	780.948	6.909	1054.604	785.072	257.319	12.213	0	2136.212	6	22.45	0.0223433	0.0521438	0.7606275	71.749	21.31	45.527	32.344	1.046	-5.296	-5.996	-5.464	35.954	-3.125	13.592	-5.067	10.329	0.782	8	-0.542	2	22.038	0	0	189.298	14	3	40	0	40	33	55	1	0.0704158	noninducer
NA	NA	NA	NA	NA	NA	NA	NA	NA	NA	NA	NA	NA	NA	NA	NA	NA	NA	NA	NA	NA	NA	NA	NA	NA	NA	NA	NA	NA	NA	NA	NA	NA	NA	NA	NA	NA	NA	NA	NA	NA	NA	NA	NA	NA	NA	NA	NA	NA	NA	NA	inducer
0	2	0	0	1	10	0	1	408.026	4.282	678.52	474.427	62.961	112.013	29.119	1309.26	2	6.5	0.0140024	0.0135477	0.8530076	40.891	12.241	19.674	11.2	2.799	-1.602	-2.522	-4.523	106.893	0.252	117.211	-5.45	8.794	-0.033	4	0.152	3	79.65	0	20.565	47.152	4	0	12	0	12	5	28	0	0.0225289	inducer
0	1	0	0	0	10	2	1	564.68	6.542	884.156	615.816	83.887	184.454	0	1706.542	0	10.75	0.0250789	0	0.7811131	57.482	16.021	24.934	12.055	4.302	-4.496	-5.836	-6.68	395.642	-0.557	200.891	-3.518	9.109	0.087	2	0.272	3	85.662	0	0	110.546	10	1	25	4	21	7	41	0	0	inducer
0	1	0	0	0	6	0	1	379.498	4.211	677.643	381.193	47.536	248.913	0	1229.091	0	5.5	0.014425	0	0.8188796	41.559	11.731	16.432	7.46	4.071	-3.982	-4.338	-6.376	875.015	0.128	473.757	-3.005	8.873	0.429	6	0.46	3	100	0	0	49.985	4	0	21	0	21	7	28	0	0	noninducer
0	1	0	0	1	4	0	2	378.513	3.906	632.846	341.888	17.924	273.034	0	1200.934	0	6.7	0.0127024	0	0.8634029	41.946	11.448	17.312	10.144	2.91	-2.292	-3.24	-4.396	1239.343	0.561	952.974	-2.567	9.39	-0.192	4	-0.179	3	100	0	16.286	32.697	4	0	23	0	23	7	28	0	0	noninducer
0	0	0	0	1	4	0	-1	451.481	7.898	703.498	330.902	107.2	265.395	0	1280.069	2	9	0.0487323	0.0180923	0.810447	45.04	13.209	23.29	17.122	2.409	-4.178	-5.295	-4.49	544.327	-0.766	469.891	-2.176	8.422	0.793	3	-0.15	3	90.019	0	30.585	107.19	10	0	26	0	26	6	33	0	0.0281914	noninducer
2	1	0	0	0	11	1	-2	543.526	6.514	775.927	333.639	304.361	137.928	0	1468.661	5	14.8	0.0288952	0.0426507	0.8053014	46.876	16.119	31.739	24.069	-0.41	-2.417	-4.022	-6.066	3.21	-2.83	1.104	-7.649	8.595	1.157	9	-0.618	1	0	0	0	206.387	12	3	24	0	24	9	39	2	0.0608873	noninducer
1	1	0	0	0	7	0	-2	444.44	11.398	608.198	206.157	268.887	133.154	0	1142.484	3	9.2	0.1137192	0.0262001	0.8690011	36.345	12.398	23.363	15.829	0.057	-2.791	-4.148	-5.013	6.965	-1.834	2.551	-7.397	9.172	0.76	11	-0.241	1	29.407	0	0	169.612	10	1	18	0	18	6	32	2	0.0358538	noninducer
2	0	0	0	0	5	0	0	314.467	3.61	634.229	519.46	33.652	81.117	0	1116.801	1	1.5	0.0116709	0.0023651	0.8207979	36.105	9.613	13.445	3.865	5.518	-6.471	-5.482	-4.819	4750.909	-0.071	2666.033	-1.374	8.766	-0.433	5	1.164	1	100	0	0	24.624	2	1	14	0	14	5	23	1	0.00477002	noninducer
5	1	0	0	0	18	0	-2	556.759	6.716	1023.92	686.17	125.844	210.347	1.559	1862.444	1	9.75	0.0242191	0.0095222	0.7149703	58.832	18.96	25.942	11.568	5.674	-6.923	-6.449	-7.873	158.279	-1.76	76.11	-3.432	9.303	0.516	4	0.881	1	73.618	0	0	93.898	7	2	15	0	15	0	39	1	0.017512	inducer
0	0	0	0	0	0	1	0	366.499	6.825	594.891	445.526	119.674	29.691	0	1111.62	0	5	0.041909	0	0.8723652	38.617	9.665	15.869	7.092	3.319	-4.872	-4.39	-3.739	726.159	-0.485	350.059	-3.62	10.073	0.208	3	0.508	3	100	0	0	68.758	3	0	23	6	17	18	27	0	0	noninducer
0	0	0	0	0	2	0	1	315.679	5.454	525.874	170.89	79.891	106.948	168.145	875.117	1	3.5	0.0339861	0.0066556	0.8413843	28.605	7.661	13.428	6.785	3.509	-5.021	-4.56	-4.609	1730.999	0.103	7464.798	-2.423	9.32	0.796	2	0.241	3	100	96.464	0	49.324	3	0	13	3	10	4	21	0	0.0110872	noninducer
1	2	0	0	0	7	0	2	480.646	2.561	743.649	648.731	3.581	91.337	0	1442.747	1	6.5	0.0045472	0.0087407	0.8303427	47.962	12.444	20.158	8.477	4.658	-3.799	-5.086	-6.165	569.828	0.904	329.684	-4.717	8.433	-0.227	8	0.965	3	100	0	0	47.264	6	0	24	0	24	10	35	1	0.0135235	inducer
0	0	0	0	0	3	0	-1	247.244	4.283	409.813	150.12	129.737	50.894	79.063	676.223	3	7.9	0.0271252	0.0333889	0.9091582	19.468	6.581	15.246	13.475	-0.042	-1.836	-1.864	-3.245	582.917	-0.47	748.348	-3.443	8.194	0.559	2	-0.766	3	76.197	42.878	0	80.795	6	0	11	0	11	3	16	0	0.0553429	noninducer
0	0	0	0	0	11	0	0	393.441	5.307	758.669	403.378	34.527	320.764	0	1289.772	1.5	7.4	0.0218367	0.0119461	0.7553031	41.463	13.268	19.319	11.021	4.323	-5.52	-5.211	-7.021	4660.987	-0.503	2611.533	0.03	8.241	0.781	6	0.157	3	100	0	0	62.553	7	0	16	0	16	0	29	0	0.0230356	noninducer
5	1	0	0	0	12	4	0	733.935	2.748	926.474	835.482	90.992	0	0	1989.31	4	19.15	0.0037954	0.0413395	0.8256582	65.753	17.648	37.958	24.642	3	-3.1	-4.544	-5.079	338.784	-0.651	169.876	-4.107	9.051	-1.112	9	-0.185	2	63.873	0	0	130.548	14	2	26	0	12	21	51	1	0.0521844	inducer
0	0	0	0	0	2	1	0	314.424	2.716	566.572	395.434	80.984	90.154	0	1017.403	1	4.2	0.0072493	0.007413	0.8634533	34.139	9.148	14.625	7.407	3.53	-4.737	-4.23	-4.171	1690.179	-0.281	872.406	-2.502	9.347	-0.175	3	0.5	3	100	0	0	57.393	3	0	17	0	17	11	23	0	0.0133578	noninducer
2	2	0	0	0	11	0	0	204.312	2.77	504.149	400.428	103.721	0	0	828.559	4	6.4	0.0092633	0.0253893	0.8462291	19.942	7.422	14.799	11.374	-0.261	0.557	0.94	-5.472	63.99	-0.268	31.021	-6.5	9.162	-2.611	4	-0.794	2	57.741	0	0	65.104	4	0	0	0	0	0	14	0	0.0626492	noninducer
0	0	0	0	0	2	1	0	360.772	3.248	606.774	158.632	100.491	246.223	101.428	1046.967	0	4.5	0.0100751	0	0.8217888	36.813	10.656	15.025	7.565	3.914	-5.476	-5.302	-5.59	1103.938	-0.3	1978.74	-2.312	9.173	0.716	1	0.369	3	100	29.737	0	79.55	5	0	17	0	12	1	25	0	0	inducer
0	0	0	0	0	7	4	-2	588.564	9.204	744.316	498.195	166.929	79.192	0	1480.711	3	16.95	0.0572159	0.0394433	0.844088	49.366	14.257	30.79	22.73	0.594	-3.045	-5.392	-4.432	258.772	-1.42	114.758	-3.645	8.555	0.118	8	-0.758	2	47.693	0	0	161.033	13	2	32	0	32	13	42	1	0.0498812	noninducer
0	0	0	0	0	7	0	-2	435.282	5.773	690.764	138.208	218.897	268.057	65.602	1190.302	3	6.5	0.0280008	0.0162984	0.7863334	39.547	13.898	21.84	13.969	2.768	-6.475	-7.397	-6.268	83.195	-2.058	76.996	-3.937	8.781	0.8	2	0.19	1	77.516	0	0	109.42	7	0	18	0	18	0	28	1	0.0258645	noninducer
NA	NA	NA	NA	NA	NA	NA	NA	NA	NA	NA	NA	NA	NA	NA	NA	NA	NA	NA	NA	NA	NA	NA	NA	NA	NA	NA	NA	NA	NA	NA	NA	NA	NA	NA	NA	NA	NA	NA	NA	NA	NA	NA	NA	NA	NA	NA	NA	NA	NA	NA	inducer
3	0	0	0	0	10	0	-2	337.432	8.982	587.836	110.851	353.579	46.259	77.146	968.677	7	9	0.0832798	0.0405075	0.8054311	26.633	12.042	25.541	20.792	-1.169	-2.59	-2.653	-4.901	4.394	-3.484	3.709	-6.913	8.759	0.394	6	-0.939	2	18.647	0	0	189.607	9	1	5	0	5	0	20	1	0.0705676	noninducer
3	1	0	0	0	4	0	2	231.26	5.033	474.582	240.801	4.259	108.909	120.613	795.937	1	1.5	0.0318224	0.0031607	0.875197	24.171	5.856	10.175	3.733	3.36	-2.995	-2.553	-4.797	2251.179	0.98	6023.668	-2.893	9.477	0.185	3	0.31	3	100	120.613	0	10.559	1	0	6	0	6	0	16	0	0.00648625	inducer
0	1	0	0	0	2	0	2	257.307	1.841	547.808	103.13	49.824	348.178	46.677	887.331	2	2.7	0.0038177	0.0069703	0.8151924	31.398	9.226	14.57	8.909	3.193	-3.736	-2.953	-6.909	832.379	0.456	808.732	-3.082	9.505	0.172	7	0.319	3	100	46.677	0	31.842	2	0	16	0	16	3	19	1	0.0148398	inducer
0	0	0	0	0	6	0	0	360.836	5.725	631.908	288.029	58.377	213.858	71.643	1120.439	0	4.75	0.0292521	0	0.8256012	36.876	11.038	14.936	6.472	4.411	-5.04	-5.252	-5.374	2768.924	-0.193	3671.934	-1.266	9.266	0.675	1	0.345	3	100	0	0	58.356	4	0	12	0	12	0	25	0	0	noninducer
0	1	0	0	0	10	0	-2	303.357	1.802	590.2	142.506	205.151	242.543	0	1016.72	5	5.45	0.0031927	0.0206482	0.8285142	30.43	11.905	20.238	14.67	1.028	-1.756	-2.614	-6.19	28.013	-1.633	11.482	-5.549	9.144	-0.099	7	-0.342	2	58.867	0	0	97.784	5	0	12	0	12	0	22	1	0.0401724	noninducer
0	1	0	0	0	11	1	1	411.583	3.61	729.125	453.244	69.575	206.305	0	1371.413	1	6.2	0.0095046	0.0085033	0.8187325	43.637	13.118	18.848	8.495	4.533	-4.226	-4.773	-6.175	540.775	-0.393	281.613	-3.082	9.101	-0.047	6	0.658	3	100	0	0	52.896	4	0	12	0	12	0	30	0	0.0150637	noninducer
2	1	0	1	0	12	0	-2	501.664	1.833	878.228	326.233	134.972	417.022	0	1612.716	3	6.45	0.0020836	0.0127208	0.7572916	54.664	18.073	26.064	13.687	4.009	-7.041	-6.73	-6.367	32.844	-1.33	17.343	-3.448	9.053	-0.099	5	0.901	1	64.601	0	0	82.193	5	1	24	0	24	5	37	1	0.0222694	noninducer
1	1	0	0	0	7	0	2	414.347	4.145	702.191	303.26	50.706	90.903	257.323	1199.393	2	4	0.0143228	0.008056	0.777471	38.219	9.217	18.177	7.787	3.954	-6.194	-5.287	-6.292	816.505	0.612	10000	-3.524	9.288	0.68	2	0.712	3	100	257.323	0	61.056	5	0	12	0	12	5	28	1	0.0136524	noninducer
0	0	0	0	0	6	0	0	306.274	4.071	508.356	45.741	107.986	288.415	66.214	883.712	1	6.75	0.0187512	0.0132781	0.8760683	28.114	9.081	14.7	10.452	0.522	-2.118	-3.74	-4.913	937.285	-0.574	1063.324	-1.918	10.402	0.951	1	-0.486	3	83.194	66.214	0	68.82	7	0	16	0	16	0	22	0	0.0220391	noninducer
5	0	0	0	0	1	0	-1	129.094	6.333	282.964	0	173.825	66.26	42.878	410.771	3	4	0.0976458	0.0244844	0.944425	10.276	4.231	11.077	10.161	-1.51	-0.882	-1.018	-2.747	222.594	-0.691	167.486	-4.394	9.354	0.764	0	-0.794	2	60.121	42.878	0	80.446	4	0	6	0	6	0	9	0	0.0536679	noninducer
0	1	0	0	0	6	0	2	309.331	4.028	588.779	157.14	24.271	286.937	120.431	1000.149	1	2.25	0.0162201	0.0038215	0.821465	32.76	9.075	13.566	5.652	4.694	-4.506	-4.242	-6.515	1454.242	0.656	3747.494	-2.443	9.465	0.286	4	0.646	3	100	120.431	0	20.792	2	0	12	0	12	0	22	0	0.00727382	inducer
0	0	0	0	0	5	2	-1	500.572	10.625	662.781	389.4	94.222	80.404	98.755	1303.038	1	7.7	0.0866442	0.0116177	0.8704958	43.551	11.43	21.477	10.483	4.08	-5.121	-6.545	-4.011	1265.876	-0.324	2218.202	-2.493	10.314	0.831	3	0.448	3	93.406	75.602	0	76.614	5	1	17	0	17	12	34	0	0.0153824	noninducer
0	1	0	0	0	11	0	1	318.338	1.771	628.131	321.482	66.995	119.21	120.444	1062.828	2	5.4	0.0029514	0.0121579	0.8018445	30.456	9.027	15.445	8.361	3.088	-3.22	-2.817	-6.033	572.118	-0.1	1367.386	-3.341	9.592	0.976	4	-0.05	3	94.382	120.444	0	54.584	4	0	6	0	6	0	22	0	0.0239895	inducer
0	0	0	1	1	13	2	-2	563.67	9.727	920.297	609.835	115.411	195.051	0	1771.54	1	12	0.0534125	0.0130393	0.7693746	58.258	17.227	27.757	16.255	4.607	-5.357	-5.524	-3.012	129.503	-1.52	111.594	-1.711	9.361	-0.316	4	-0.103	2	78.767	0	24.219	117.445	8	1	17	0	17	10	39	0	0.0212891	noninducer
0	0	0	1	0	6	0	-2	330.742	6.254	518.248	35.747	225.658	204.297	52.546	876.122	3	7	0.0446405	0.0233949	0.8544184	27.007	10.388	18.025	13.874	1.834	-4.314	-3.791	-3.054	18.18	-1.73	16.049	-4.383	8.897	0.824	4	-0.667	2	60.231	0	0	125.792	7	0	11	0	11	0	21	1	0.0366581	noninducer
3	1	0	0	0	6	1	-2	179.172	6.763	352.776	138.019	214.757	0	0	559.773	6	9.5	0.0817168	0.0659629	0.9311218	12.396	6.518	18.622	18.85	-2.566	0.084	0.59	-3.373	22.712	-1.051	9.152	-6.964	8.852	-2.126	4	-0.8	2	23.236	0	0	112.014	6	1	6	0	6	5	12	1	0.129876	noninducer
0	1	0	1	0	2	0	0	375.399	8.731	597.925	350.555	162.259	60.39	24.72	1094.697	1	6.75	0.0696378	0.011289	0.8591078	36.948	10.06	18.33	10.353	0.507	-3.968	-3.607	-3.018	18.101	-0.564	12.441	-6.168	8.753	0.987	1	0.049	2	52.426	24.72	0	98.303	7	0	19	3	16	7	27	1	0.0179808	noninducer
0	0	0	1	0	6	0	-1	250.337	1.521	549.222	361.175	86.3	101.747	0	928.502	1	2.75	0.0024931	0.0050071	0.8380545	28.124	8.316	11.476	5.17	3.7	-4.092	-3.537	-2.83	381.168	-0.617	221.832	-2.176	8.932	-0.39	3	0.194	3	94.805	0	0	52.159	3	0	6	0	6	0	18	0	0.0109852	noninducer
0	1	0	1	0	5	1	-2	389.385	6.156	683.616	374.105	232.807	58.994	17.709	1179.716	2	8.7	0.0321192	0.0179979	0.7898379	38.411	11.606	20.805	13.751	-0.407	-4.321	-3.132	-4.133	3.879	-1.784	2.154	-7.185	9.093	1.357	4	-0.247	2	35.1	17.709	0	144.683	9	0	18	3	15	6	28	1	0.0315977	noninducer
5	5	0	0	0	13	2	-2	477.6	6.507	709.372	515.628	193.744	0	0	1386.147	11	16.95	0.0305498	0.0792487	0.8475476	40.972	14.887	38.891	32.683	-3.676	2	3.223	-7.63	2.235	-1.221	0.914	-7.967	8.911	-2.126	8	-1.039	1	0	0	0	165.373	12	2	18	0	18	16	33	2	0.117707	inducer
6	5	0	0	0	13	2	-2	449.546	3.89	676.975	435.918	241.057	0	0	1298.126	12	16.45	0.0116565	0.0841752	0.8501009	37.45	14.676	38.789	33.899	-4.415	2	3.571	-7.588	0.796	-1.647	0.299	-8.839	9.264	-1.685	9	-1.132	1	0	0	0	179.71	12	2	18	0	18	16	31	2	0.12676	inducer
6	5	0	0	0	13	2	-2	463.573	3.95	644.673	439.8	204.873	0	0	1268.745	12	16.45	0.0122998	0.0883928	0.8791747	36.274	14.184	38.303	33.575	-4.169	2	3.367	-7.118	1.753	-1.19	0.703	-8.172	9.293	-1.742	9	-1.035	1	0	0	0	160.923	12	2	18	0	18	16	32	2	0.122924	inducer
2	0	0	0	2	7	0	-2	490.616	8.882	877.822	571.865	188.488	115.608	1.862	1561.642	1	6	0.0505135	0.0068351	0.7415597	52.952	15.558	22.823	11.757	4.151	-7.954	-6.087	-3.516	97.851	-2.139	70.632	-3.914	9.557	0.493	4	0.718	1	86.88	0	27.375	142.506	9	0	17	0	17	7	34	1	0.0122295	noninducer
0	0	0	0	0	7	0	-1	198.218	3.408	426.295	175.926	98.754	151.615	0	686.022	2	4.9	0.0169337	0.0162555	0.8824291	18.254	6.751	11.03	8.659	1	-1.412	-1.815	-4.157	1146.614	-0.704	573.552	-2.133	8.668	-0.344	4	-0.663	3	87.557	0	0	60.715	4	0	6	0	6	0	14	0	0.0349597	noninducer
0	1	0	0	0	6	0	1	375.87	4.113	673.737	205.999	65.671	283.576	118.491	1178.739	1	4.75	0.0143517	0.0070502	0.8009769	39.875	12.074	17.535	8.577	4.302	-4.469	-4.663	-6.831	588.897	0.209	1376.455	-3.217	9.189	0.774	3	0.636	3	100	46.766	0	47.76	3	0	18	0	18	5	26	0	0.0126373	inducer
3	2	0	0	0	3	0	2	314.857	2.489	568.524	222.496	3.342	270.961	71.725	1020.608	0	4	0.0060717	0	0.8622942	35.352	10.18	13.699	6.256	3.519	-2.282	-2.203	-6.505	572.8	1.326	819.307	-4.464	8.968	0.001	4	0.383	3	96.915	0	0	5.425	2	0	19	0	12	5	22	0	0	inducer
12	2	0	0	0	1	1	0	32.045	2.828	162.612	0	162.612	0	0	191.574	4	1	0.0417329	0.0122992	0.9883325	0.871	2.014	6.6	7.839	-2.776	2	2.099	-3.173	17.687	0.19	7.727	-8.546	9.435	-2.387	0	-1.342	2	33.025	0	0	60.025	2	0	0	0	0	0	2	1	0.0624122	noninducer
0	1	0	0	0	1	1	1	285.342	5.401	466.284	280.674	104.496	81.114	0	836.404	1	5.5	0.0348777	0.0117954	0.9207154	27.451	7.851	13.607	8.765	1.11	-1.554	-2.296	-3.928	252.271	0.08	123.515	-5.126	8.89	-0.11	5	-0.141	3	76.435	0	0	63.308	4	0	18	0	18	9	21	0	0.0192751	noninducer
0	1	0	0	0	10	0	1	335.876	7.163	640.567	322.213	61.721	185.198	71.435	1118.498	2	5.7	0.0458727	0.0125842	0.8134991	33.956	11.29	17.35	9.303	3.31	-3.29	-3.29	-6.159	641.948	-0.087	834.608	-3.107	8.271	0.554	5	0.092	3	96.575	0	0	43.923	4	0	10	0	10	0	23	0	0.024	inducer
8	0	0	0	1	1	1	-2	76.055	5.992	218.133	0	218.133	0	0	286.47	4	3.7	0.125348	0.0339243	0.9634531	4.668	3.316	10.739	14.091	-2.468	1.343	0.105	-0.749	39.438	-1.063	34.272	-5.444	9.428	-0.624	1	-1.172	2	41.059	0	41.637	94.016	4	0	0	0	0	0	5	0	0.0972981	noninducer
0	2	0	0	0	9	0	1	374.909	4.438	696.084	288.562	55.606	280.192	71.723	1231.448	1	7.4	0.0159954	0.0106309	0.7982047	40.025	12.794	18.656	10.472	3.06	-2.603	-2.604	-7.586	182.974	0.412	238.638	-4.818	9.039	-0.008	6	0.108	3	85.354	0	0	38.302	4	0	18	0	18	4	26	0	0.0197381	inducer
0	1	0	1	0	4	0	-1	141.169	2.908	364.371	177.968	146.763	39.64	0	563.198	3	3	0.0150102	0.0142606	0.9051668	14.195	5.41	10.21	8.33	-1.613	-0.566	0.213	-2.174	25.389	-0.473	13.13	-5.763	9.639	-0.853	5	-0.816	2	42.639	0	0	72.576	3	0	3	3	0	2	10	0	0.036808	noninducer
0	1	0	0	0	5	0	2	371.927	3.967	660.78	338.058	13.135	210.522	99.065	1171.249	0	3	0.0134334	0	0.8132189	39.519	11.374	14.606	4.717	5.482	-5.567	-5.491	-6.284	1854.57	0.771	3722.62	-2.603	8.129	0.775	3	1.003	3	100	0	0	20.802	3	1	16	0	16	0	25	0	0	inducer
0	0	0	1	0	4	0	-1	206.284	2.131	456.3	265.529	90.793	99.978	0	768.654	1	2	0.0059094	0.0043831	0.8893405	22.994	7.004	9.525	4.667	3.496	-3.716	-2.917	-1.992	345.55	-0.443	199.513	-2.457	9.487	-0.309	2	-0.011	3	92.853	0	0	46.205	2	0	6	0	6	0	15	0	0.00969541	noninducer
2	0	0	1	0	11	0	-2	360.492	3.308	765.566	562.132	171.192	32.242	0	1324.381	3	5.4	0.0082633	0.0122172	0.7618299	40.093	12.845	20.006	10.232	4.316	-6.123	-4.268	-3.732	59.715	-2.066	29.914	-3.505	9.683	-0.931	9	0.365	2	84.008	0	0	88.751	4	0	8	0	8	7	26	2	0.0259453	noninducer
2	1	0	0	0	4	0	2	280.412	1.18	569.394	267.888	5.951	295.555	0	1004.559	0	2.5	0.0013857	0	0.8519268	34.303	9.68	12.082	4.72	4.42	-4.189	-3.41	-6.064	2169.531	0.666	1264.158	-2.267	8.066	-0.276	6	0.696	3	100	0	0	6.851	2	0	15	0	12	2	21	0	0	inducer
0	1	0	0	0	5	0	1	347.459	4.334	681.091	202.341	67.588	411.161	0	1188.549	2	4.5	0.0158068	0.0093438	0.7967182	42.128	13.113	19.31	10.874	4.159	-4.865	-4.288	-7.508	564.754	-0.049	295.134	-2.899	8.335	0.235	2	0.688	3	100	0	0	53.761	4	0	21	0	21	5	26	0	0.0183158	inducer
NA	NA	NA	NA	NA	NA	NA	NA	NA	NA	NA	NA	NA	NA	NA	NA	NA	NA	NA	NA	NA	NA	NA	NA	NA	NA	NA	NA	NA	NA	NA	NA	NA	NA	NA	NA	NA	NA	NA	NA	NA	NA	NA	NA	NA	NA	NA	NA	NA	NA	NA	noninducer
2	1	0	0	0	4	0	2	284.444	2.313	551.335	391.598	6.765	152.972	0	1005.624	0	2	0.0053193	0	0.8804535	32.984	8.794	11.269	3.22	4.487	-3.747	-3.288	-4.922	2131.307	0.663	1240.101	-2.784	8.114	-0.32	3	0.832	3	100	0	0	7.661	2	0	15	0	9	6	21	0	0	inducer
1	0	0	0	0	2	1	-1	137.141	3.219	326.064	0	159.793	166.271	0	492.432	3	4.5	0.0210399	0.023904	0.9248962	13.857	5.818	11.359	11.107	-0.646	-0.048	-1.034	-3.54	302.399	-0.802	135.806	-3.687	10.079	0.684	2	-0.759	2	67.559	0	0	79.4	4	0	6	0	6	0	10	0	0.0568337	noninducer
0	1	0	0	0	7	0	-1	211.26	1.898	469.134	208.683	149.208	111.244	0	767.234	4	4.7	0.0046974	0.0200369	0.8639452	21.118	7.993	14.812	11.563	0.184	-0.846	-0.958	-4.99	95.03	-0.793	42.995	-5.268	9.037	-0.078	4	-0.579	2	63.423	0	0	76.48	4	0	6	0	6	0	15	0	0.0444949	noninducer
1	0	0	0	0	3	1	-1	191.14	7.03	353.244	194.297	158.946	0	0	563.558	1	7.6	0.0876937	0.0215149	0.9340781	14.473	5.06	10.965	9.939	-1.175	-0.192	-0.468	-2.599	308.044	-0.832	138.548	-4.161	11.26	0.213	3	-1.158	2	64.607	0	0	96.233	7	0	8	0	8	6	13	0	0.0397615	noninducer
0	0	0	1	0	4	0	-1	254.285	5.337	491.192	84.1	131.924	275.168	0	838.816	1	4	0.0339555	0.0081435	0.8757068	27.475	9.142	13.025	8.192	3.106	-3.652	-3.517	-3.048	140.756	-0.824	75.575	-2.597	9.894	0.626	1	-0.179	3	83.583	0	0	72.568	3	0	12	0	12	0	19	0	0.0157305	noninducer
0	1	0	0	0	0	0	2	309.425	5.207	545.009	225.962	51.813	220.3	46.934	972.287	0	4	0.02789	0	0.8708795	34.861	9.564	13.975	6.838	3.242	-3.436	-3.436	-5.398	796.994	0.622	774.138	-3.761	9.241	1.142	5	0.371	3	100	0	0	32.807	2	0	20	0	17	5	22	0	0	inducer
0	1	0	0	0	10	0	-2	328.41	6.411	647.814	166.502	190.301	291.011	0	1119.193	4	5.45	0.036724	0.0168258	0.8047323	34.994	12.901	20.782	13.573	2.836	-3.292	-3.181	-6.806	38.741	-1.6	16.301	-5.104	9.304	0.489	5	-0.025	3	71.979	0	0	101.332	5	0	12	0	12	0	24	0	0.0331902	inducer
0	0	0	0	0	3	0	-1	229.253	6.319	401.792	150.114	132.715	82.78	36.184	661.179	3	7.9	0.0603838	0.0340554	0.9135015	19.171	6.988	15.458	13.678	-0.311	-1.563	-1.589	-3.326	546.213	-0.589	406.148	-3.386	8.045	0.227	2	-0.78	3	74.117	0	0	81.153	6	0	11	0	11	3	15	0	0.059686	noninducer
0	1	0	1	0	6	0	-1	163.234	3.312	395.306	217.23	147.07	0	31.007	614.192	3	3.5	0.0178619	0.0153354	0.883963	14.573	5.712	10.632	8.199	-1.428	-0.791	-0.161	-2.328	25.22	-0.578	19.275	-5.717	9.117	0.028	3	-0.84	2	43.671	0	0	72.577	3	0	0	0	0	0	10	0	0.0371379	noninducer
0	0	0	0	0	5	0	-2	285.307	3.153	543.215	13.197	197.415	332.604	0	924.723	0	6	0.0107505	0	0.8450207	30.819	10.487	13.815	9.439	1.377	-3.556	-4.368	-5.626	132.988	-1.581	55.885	-3.506	10.49	1.181	1	-0.515	3	73.021	0	0	81.673	5	0	17	0	17	0	22	0	0	noninducer
0	1	0	0	0	8	0	-1	239.314	5.283	510.995	274.828	140.264	95.903	0	859.394	4	5.15	0.0324824	0.0201567	0.8554798	24.018	8.716	16.34	11.722	0.529	-1.22	-1.31	-5.054	115.526	-0.798	53.1	-5.061	9.08	-0.197	4	-0.469	2	66.963	0	0	74.491	4	0	6	0	6	0	17	0	0.0430396	noninducer
1	1	0	1	0	6	0	-2	197.19	5.079	395.392	47.696	242.722	104.973	0	640.811	5	4.5	0.0402606	0.025449	0.9091268	16.641	7.869	15.659	13.468	-2.529	-0.68	-0.707	-2.422	3.124	-1.357	1.364	-7.11	9.136	0.074	6	-0.962	2	20.993	0	0	115.652	5	0	6	0	6	0	14	1	0.0510286	inducer
0	1	0	1	0	1	0	0	361.372	7.639	593.985	360.332	147.254	61.662	24.737	1054.888	0	7.25	0.0553172	0	0.8437111	36.009	9.326	16.515	9.499	-0.388	-3.067	-3.086	-3.274	25.118	-0.417	17.732	-5.983	8.808	0.98	1	-0.463	2	49.729	24.737	0	94.957	7	0	19	0	19	6	26	0	0	noninducer
0	0	0	0	0	3	0	0	312.451	5.563	537.224	386.455	83.005	67.765	0	984.816	1.5	2.75	0.0314262	0.0062694	0.8910716	31.979	8.926	14.16	6.281	3.387	-4.982	-4.5	-3.618	1617.201	-0.314	831.762	-2.523	10.145	0.061	4	0.609	3	100	0	0	45.012	2	0	17	0	17	14	23	0	0.0107795	noninducer
2	1	0	1	0	7	0	-1	776.874	3.452	626.184	47.421	176.629	103.261	298.873	1105.493	4	4.25	0.0107823	0.0135743	0.8257224	34.579	13.46	20.923	11.735	1.994	-5.217	-12.715	-3.763	13.226	-0.454	281.438	-5.802	8.908	1.532	5	0.081	2	45.731	0	0	99.218	5	1	12	0	12	0	24	1	0.0109413	noninducer
0	1	0	0	0	5	0	2	234.341	4.975	521.225	376.817	18.687	125.721	0	887.944	1	4.5	0.0278714	0.0086335	0.8571637	27.372	7.681	12.294	6.75	2.271	-1.786	-1.539	-5.169	1642.831	0.491	935.966	-3.004	9.015	-0.261	5	-0.031	3	100	0	0	30.867	3	0	6	0	6	0	17	0	0.0192028	inducer
0	0	0	0	1	2	0	-1	337.35	5.62	593.35	369.071	116.392	68.582	39.305	1030.013	1	8.7	0.0306626	0.0146625	0.8312832	34.438	9.025	17.71	14.515	0.486	-2.059	-2.618	-3.215	419.712	-0.584	621.003	-3.231	9.277	0.45	1	-0.674	3	76.736	39.305	33.819	93.115	7	0	17	0	17	6	24	0	0.0257892	noninducer
6	2	0	0	0	15	3	0	777.047	9.248	922.987	862.982	60.005	0	0	2090.873	6	19.65	0.040904	0.0521486	0.8567505	67.891	18.419	42.375	27.182	2.411	-1.341	-3.942	-5.302	166.214	-0.088	87.045	-5.31	9.16	-1.985	8	-0.052	2	41.933	0	0	118.131	14	3	26	0	12	22	54	1	0.0619428	inducer
0	1	0	0	1	3	0	1	323.437	4.01	587.223	343.669	58.67	184.884	0	1058.166	1	5	0.0151944	0.0085147	0.8551946	36.033	10.017	15.824	10.142	2.499	-2.742	-2.807	-4.109	458.843	0.246	364.276	-3.724	8.262	0.165	5	0.088	3	89.218	0	21.956	43.23	4	0	16	0	16	4	24	0	0.015459	inducer
2	1	0	0	0	4	0	2	277.408	0.882	552.207	243.35	24.364	284.493	0	967.43	1	1.5	0.0008035	0.0027164	0.856662	32.711	9.617	12.51	5.209	4.405	-3.891	-3.847	-5.934	1451.305	0.5	818.6	-2.645	9.35	-0.265	6	0.788	3	100	0	0	14.991	1	0	16	0	16	4	21	0	0.00540725	inducer
2	2	0	0	0	5	0	2	390.955	2.722	708.431	223.504	0.848	412.355	71.723	1276.325	0	4	0.0058053	0	0.8032337	45.652	13.528	17.309	7.097	5.37	-4.607	-4.603	-8.135	604.869	1.226	868.984	-3.728	9.137	0.014	6	1.041	3	95.219	0	0	7.447	2	1	24	0	24	4	28	0	0	inducer
0	0	0	0	0	3	0	-1	351.394	1.556	570.563	156.511	144.732	223.668	45.651	975.003	1	8.25	0.002483	0.0144594	0.8334229	33.075	10.359	16.988	12.543	2.652	-3.84	-3.913	-5.294	420.149	-0.894	344.645	-3.111	8.881	1.204	3	-0.443	3	89.43	0	0	96.062	7	0	15	0	15	1	23	0	0.0234779	noninducer
3	1	0	0	0	1	0	2	179.305	1.149	392.768	344.788	47.98	0	0	672.285	2	1	0.0019654	0.0036006	0.9449257	20.109	5.727	9.208	4.684	1.656	-1.311	-1.102	-3.149	866.572	0.543	468.818	-4.37	9.345	-2.918	0	0.046	3	89.221	0	0	24.868	1	0	10	0	10	10	13	0	0.00788712	inducer
0	0	0	0	0	0	0	0	172.183	1.177	377.559	83.901	96.372	197.286	0	603.46	0	4	0.002296	0	0.9147016	19.881	6.011	8.365	6.565	0.995	-1.015	-1.473	-3.853	1207.831	-0.204	606.721	-2.601	10.303	1.503	1	-0.7	3	87.934	0	0	54.521	2	0	10	0	10	0	13	0	0	noninducer
1	1	0	0	0	4	0	2	386.569	2.909	641.198	323.262	30.161	228.596	59.178	1181.785	0	6.5	0.0071594	0	0.8430731	40.756	11.442	16.911	11.063	3.592	-2.289	-4.094	-5.888	50.907	0.583	1506.001	-2.949	7.865	0.594	7	0.14	2	78.527	0	0	25.139	3	0	20	0	20	5	26	1	0	inducer
2	0	2	0	0	2	0	-1	129.164	7.685	334.543	159.196	175.348	0	0	504.816	5	3.5	0.1170058	0.0233938	0.9165047	12.765	5.256	14.452	12.046	-0.791	-0.729	-0.649	-2.883	215.317	-0.949	94.078	-8.684	8.115	-0.773	1	-0.847	2	64.07	0	0	96.127	5	0	0	0	0	0	9	0	0.0605914	noninducer
0	1	0	0	0	7	0	1	309.45	3.087	574.779	263.242	16.122	295.414	0	1053.929	0	4	0.0090406	0	0.8713755	34.351	10.278	13.043	5.617	3.93	-3.185	-3.46	-5.748	1737.448	0.399	994.366	-2.167	9.132	-0.085	4	0.31	3	100	0	0	19.242	2	0	12	0	12	0	23	0	0	noninducer
0	1	0	0	0	6	0	2	261.384	1.6	531.636	215.673	9.486	266.256	40.221	910.267	0	3.5	0.002812	0	0.8544037	28.965	8.872	10.859	5.012	3.318	-2.486	-2.612	-5.884	2008.375	0.612	1931.512	-2.243	8.382	0.168	5	0.069	3	100	0	0	14.34	3	0	11	0	11	0	18	0	0	noninducer
0	0	0	0	0	4	0	-2	236.263	5.474	444.376	186.412	216.913	13.42	27.63	693.463	2	8.5	0.043211	0.027051	0.8526363	19.158	6.666	14.176	12.784	-1.1	-1.558	-1.284	-3.98	86.878	-1.599	49.98	-5.086	9.677	1.488	1	-1.009	2	55.206	0	0	118.271	7	0	5	0	5	0	14	0	0.050879	noninducer
4	0	0	2	0	11	0	-2	454.444	10.271	749.866	164.86	419.743	165.263	0	1321.998	6.25	11.75	0.0797912	0.0391737	0.7768469	41.268	16.176	31.074	23.804	-1.818	-3.959	-4.531	-2.316	0.066	-4.736	0.024	-7.617	8.269	0.869	5	-0.933	1	0	0	0	229.226	13	2	16	0	16	0	33	1	0.0646395	noninducer
1	1	0	1	0	6	0	-2	211.217	4.737	390.886	75.467	224.211	91.209	0	664.588	5	4.5	0.0337627	0.0257423	0.9422148	17.461	8.191	15.817	13.237	-2.248	-1.285	-0.921	-1.821	4.68	-1.083	2.111	-6.817	9.024	-0.079	4	-0.88	2	25.775	0	0	111.638	5	0	6	0	6	0	15	1	0.0476397	noninducer
1	1	0	0	0	3	1	2	233.31	1.353	483.682	293.569	24.406	165.708	0	821.54	0	2.5	0.0022294	0	0.8770487	26.38	7.221	9.265	3.977	0.247	-2.3	-2.215	-5.038	1449.958	0.57	817.779	-3.16	9.134	-0.354	2	0.207	3	84.975	0	0	34.485	3	0	12	0	12	5	17	0	0	noninducer
0	1	0	0	0	8	0	0	299.8	5.42	592.407	354.268	101.266	70.734	66.138	1002.418	2.5	6.25	0.0293084	0.0166813	0.8176688	29.501	9.698	16.627	10.391	2.639	-2.601	-2.146	-5.546	270.702	-0.368	306.989	-4.431	8.418	0.072	3	-0.222	3	85.936	0	0	71.159	5	0	6	0	6	0	20	0	0.0329624	noninducer
0	1	0	0	0	0	0	2	264.369	1.171	501.147	195.425	8.221	297.501	0	879.952	0	3	0.0015591	0	0.8861476	31.903	8.663	11.732	5.96	3.339	-2.924	-3.003	-5.519	2064.635	0.892	1198.224	-2.686	8.276	-0.238	5	0.37	3	100	0	0	10.187	2	0	19	0	18	5	20	0	0	inducer
0	0	0	0	0	0	0	1	325.772	4.821	551.4	125.005	40.378	285.634	100.383	957.174	0	2.5	0.0242809	0	0.8518416	34.88	9.712	13.372	5.761	4.76	-4.427	-5.786	-5.292	4101.954	0.439	8068.941	-1.257	9.33	1.02	2	0.728	3	100	28.742	0	31.775	3	0	20	0	17	1	23	0	0	inducer
0	1	0	0	1	8	0	-1	254.285	4.334	503.384	257.63	154.112	91.642	0	839.012	4	6.7	0.0223851	0.0266198	0.854629	23.162	8.573	16.794	15.425	-0.625	0.172	-0.505	-3.673	50.376	-0.927	38.296	-5.331	8.751	-0.075	7	-0.985	2	53.754	0	28.786	99.827	6	0	6	0	6	0	18	1	0.0526967	noninducer
6	0	0	1	0	14	0	-2	586.187	4.874	963.249	292.835	120.595	470.902	78.917	1809.787	2	4.25	0.0131245	0.0062397	0.7456095	61.781	20.606	26.409	10.116	9.243	-10.131	-10.514	-6.087	180.258	-1.533	267.18	-0.739	8.767	1.047	6	1.88	1	95.524	0	0	75.636	4	2	25	3	22	3	41	1	0.0102534	noninducer
0	1	0	0	0	2	0	1	285.342	3.876	474.995	235.751	98.246	140.998	0	843.302	2	5.2	0.0178168	0.0154821	0.9087927	27.657	8.439	14.741	10.1	0.901	-3.081	-2.453	-4.406	289.16	0.048	143.147	-4.704	8.494	-0.513	5	-0.108	3	76.269	0	0	52.406	4	0	18	0	18	8	21	0	0.0257723	noninducer
0	1	0	1	0	2	0	0	401.437	6.773	616.306	375.66	165.359	57.709	17.577	1145.5	1	6.75	0.040047	0.0109524	0.8590774	38.956	10.575	18.621	10.398	0.772	-4.251	-4.117	-3.006	16.916	-0.609	10.567	-6.234	8.756	1.017	1	0.182	2	53.449	17.577	0	100.658	7	0	22	3	19	10	29	1	0.0168147	noninducer
0	0	0	1	0	7	0	-2	320.341	5.331	545.22	328.978	193.917	22.325	0	989.976	1	5.5	0.0287096	0.0100877	0.8810694	29.183	9.277	14.216	7.84	2.423	-3.136	-4.015	-1.755	36.357	-1.524	17.497	-4.343	9.483	0.877	8	-0.185	2	69.061	0	0	116.456	6	0	9	0	9	1	23	1	0.0171693	noninducer
0	1	0	0	0	4	1	1	327.379	3.494	522.783	268.762	125.677	128.344	0	943.365	2	6.25	0.0129374	0.0169073	0.8898084	30.257	9.376	16.179	10.908	1.31	-1.868	-2.824	-4.653	158.857	-0.337	74.922	-5.062	8.988	0.005	7	-0.121	2	74.007	0	0	79.842	5	0	18	0	18	9	24	1	0.0269988	noninducer
0	1	0	0	0	4	1	1	341.406	3.52	541.646	335.613	123.677	82.356	0	989.926	2	6.25	0.0125131	0.0163185	0.886852	31.681	9.457	16.594	10.627	1.547	-2.166	-2.901	-4.482	165.947	-0.327	78.543	-5.187	8.978	-0.006	6	-0.012	3	75.738	0	0	79.609	5	0	21	3	18	12	25	0	0.0258896	noninducer
0	0	0	1	0	3	0	-1	230.263	3.263	452.005	166.728	90.668	194.609	0	759.926	1	2.75	0.01401	0.006084	0.8909828	24.19	7.594	10.649	6.259	3.333	-4.101	-3.374	-2.417	346.494	-0.379	200.103	-2.217	8.575	0.44	2	-0.121	3	91.917	0	0	54.556	3	0	10	0	10	0	17	0	0.0119429	noninducer
0	1	0	0	0	5	1	1	489.4	2.692	730.118	233.375	61.941	328.986	105.817	1357.016	1	6.75	0.0053421	0.0092451	0.8118859	48.085	14.563	21.497	11.183	4.804	-5.469	-6.644	-6.871	638.865	0.294	1281.043	-3.085	8.416	0.601	1	0.756	3	100	0	0	59.247	7	0	28	0	28	7	33	0	0.0137924	inducer
1	1	0	0	1	12	0	-1	567.785	9.378	933.528	527.053	94.885	298.825	12.764	1778.509	4	9.95	0.0494515	0.021317	0.7604581	60.171	18.743	31.74	18.266	4.388	-5.834	-5.598	-6.185	267.823	-0.824	182.031	-3.126	8.276	0.007	5	0.474	2	83.132	0	8.185	92.572	7	1	22	0	22	9	40	1	0.0350485	noninducer
6	5	0	0	0	14	2	-2	475.584	8.603	756.046	519.439	207.054	29.553	0	1432.743	11	16	0.0516538	0.0701888	0.8129473	42.477	15.68	39.144	31.93	-3.368	2	2.846	-8.33	1.672	-1.572	0.668	-8.012	8.802	-1.306	11	-1.086	1	0	0	0	173.868	12	2	18	0	18	14	33	2	0.111581	inducer
0	0	0	0	0	0	0	0	266.302	3.732	507.316	211.535	76.255	219.526	0	860.133	1	5	0.0161896	0.0098558	0.8621774	30.365	8.495	14.066	9.342	2.338	-3.214	-3.189	-4.809	1874.024	-0.12	975.411	-2.152	8.569	0.663	6	0.02	3	100	0	0	57.193	5	0	18	3	12	3	20	0	0.0187757	inducer
6	0	0	1	0	1	0	-1	123.111	0.914	299.761	0	131.812	167.948	0	445.385	1	3.5	0.001874	0.011676	0.940908	12.632	4.831	7.146	7.171	0.672	-0.696	-0.915	-1.482	141.099	-0.489	75.774	-3.261	10.357	0.808	2	-0.907	2	69.351	0	0	61.934	3	0	6	0	6	0	9	0	0.0284297	noninducer
1	0	0	0	0	4	1	-2	307.28	10.386	529.013	91.936	173.038	218.281	45.758	881.37	1	7.5	0.1223862	0.0141773	0.8403698	28.635	9.605	16.775	11.64	0.954	-2.879	-3.172	-5.156	226.455	-1.199	176.94	-3.556	9.988	1.818	1	-0.569	3	74.682	0	0	119.624	8	0	11	0	11	0	21	0	0.0244076	noninducer
2	0	0	0	0	3	2	0	329.232	7.49	510.335	155.471	151.433	82.947	120.484	883.399	0	7	0.0635046	0	0.8724648	28.065	7.337	14.22	8.817	1.158	-2.26	-3.278	-3.991	362.961	-0.648	756.171	-3.73	10.774	1.855	4	-0.817	3	79.543	120.484	0	102.989	6	0	12	0	12	4	23	0	0	noninducer
0	1	0	0	0	10	0	0	331.45	9.666	649.127	383.148	123.885	65.384	76.71	1093.948	2	7	0.0854061	0.0152505	0.7909814	31.829	10.686	17.894	10.214	1.207	-3.061	-2.437	-5.952	165.194	-0.773	205.68	-4.675	9.159	0.988	4	-0.211	3	73.71	0	0	78.857	7	0	5	0	5	0	21	0	0.0298673	noninducer
0	2	0	0	0	3	0	2	286.803	2.745	534.783	154.062	29.682	279.316	71.723	934.413	1	3.5	0.0080612	0.0065447	0.8643313	31.982	9.835	13.856	7.383	3.018	-2.157	-2.357	-6.512	322.274	1.091	440.005	-4.92	9.257	0.028	3	0.366	3	89.511	0	0	17.974	2	0	18	0	18	4	20	0	0.0122035	inducer
0	0	0	0	0	2	0	0	298.424	5.949	524.952	367.524	87.092	70.336	0	957.343	1.5	2.75	0.036965	0.0064159	0.8948644	31.546	8.738	14.144	6.518	3.298	-5.088	-4.215	-3.569	1479.126	-0.282	755.276	-2.685	9.867	-0.155	4	0.578	3	100	0	0	46.524	2	0	17	0	17	14	22	0	0.0112861	noninducer
1	1	0	0	0	3	0	2	263.382	1.612	548.684	227.276	24.271	297.138	0	948.457	1	1.5	0.002741	0.0027338	0.850852	32.715	9.5	12.567	5.506	4.535	-4.122	-3.446	-6.089	1454.247	0.558	820.394	-2.695	9.087	0.059	4	0.776	3	100	0	0	14.991	1	0	15	0	12	2	20	0	0.00569512	inducer
1	1	0	0	0	5	0	2	294.396	0.191	598.609	294.125	12.929	291.555	0	1044.95	0	4.7	3.51e-05	0	0.8319271	35.239	10.042	13.516	6.757	3.548	-3.066	-2.686	-6.368	1862.927	0.536	1072.209	-2.313	9.126	0.091	3	0.182	3	100	0	0	28.114	3	0	15	0	12	2	22	0	0	inducer
0	0	0	0	0	5	0	-1	345.415	3.451	595.39	307.029	79.08	191.11	18.171	1051.092	1	8	0.011332	0.0134366	0.8397004	34.525	10.229	16.941	13.738	2.232	-2.218	-3.959	-5.037	70.142	-0.441	1147.533	-1.824	8.705	0.682	7	-0.285	2	73.054	0	0	70.885	6	0	15	0	15	0	24	1	0.0231606	noninducer
0	1	0	0	1	8	1	-1	312.408	4.396	621.687	488.687	125.167	7.833	0	1097.253	3	7.2	0.0176086	0.0200595	0.8275559	32.696	10.013	18.573	13.157	0.928	-1.918	-1.141	-3.711	115.964	-0.739	75.829	-5.093	9.53	0.173	3	-0.468	3	69.324	0	17.778	96.58	6	0	6	0	6	4	22	0	0.0399181	noninducer
0	1	0	0	0	6	0	-1	279.338	5.842	554.487	339.833	145.38	69.274	0	939.501	3	5.2	0.0363268	0.0162432	0.8366397	28.254	9.063	16.455	10.706	1.261	-2.225	-2.123	-5.232	103.314	-0.784	47.06	-5.441	8.498	0.838	5	-0.15	3	70.377	0	0	84.782	6	0	10	0	10	3	20	0	0.0322428	noninducer
0	1	0	0	0	2	1	1	315.368	4.604	484.57	342.536	75.454	66.579	0	884.937	1	6.25	0.023949	0.012898	0.9199206	28.613	7.993	14.081	9.031	1.326	-1.476	-2.599	-3.871	475.626	0.247	245.128	-4.546	8.843	-0.008	6	-0.195	3	82.626	0	0	66.066	5	0	18	0	18	9	23	0	0.0198181	noninducer
0	0	0	0	0	3	0	0	332.482	3.429	554.082	411.008	119.569	23.505	0	1031.096	1	3.45	0.011405	0.0062265	0.8908212	33.409	9.182	14.163	6.227	3.447	-4.815	-4.629	-3.411	727.83	-0.622	350.93	-3.352	9.701	0.085	3	0.646	3	100	0	0	63.276	3	0	17	0	17	15	24	0	0.0103765	noninducer
0	1	0	0	0	4	0	1	426.49	7.174	734.736	403.169	133.805	151.058	46.704	1313.854	1	9.2	0.0391678	0.0125215	0.7895842	45.301	12.436	22	13.086	2.544	-4.506	-4.053	-6.383	133.024	-0.595	111.467	-5.132	9.103	0.787	5	0.16	3	79.854	46.704	0	89.47	7	0	25	0	25	9	31	0	0.0215714	noninducer
0	1	0	0	0	0	0	2	296.411	5.512	526.611	368.83	37.234	120.548	0	953.93	0	5	0.0318514	0	0.8899233	33.174	8.342	13.562	6.985	2.44	-2.359	-2.482	-4.614	1095.753	0.649	604.163	-3.844	8.933	0.212	3	0.05	3	95.638	0	0	31.496	3	0	21	0	21	12	22	0	0	noninducer
7	0	0	0	0	1	0	2	186.256	0.026	437.2	174.862	2.287	260.051	0	709.195	0	1	9e-07	0	0.879687	24.069	6.603	7.714	3.32	3.775	-3.802	-3.284	-4.719	9423.431	0.484	5589.264	-0.55	1.787	0.226	3	0.367	3	100	0	0	5.367	2	0	12	0	12	0	14	0	0	inducer
0	1	0	0	0	3	1	2	329.37	3.25	551.833	228.411	24.259	252.317	46.845	981.454	1	3.75	0.0107619	0.0067955	0.8655071	33.607	9.254	14.42	7.441	3.653	-3.485	-4.223	-5.638	1454.633	0.68	1481.719	-2.852	8.669	0.124	2	0.447	3	100	46.845	0	40.082	4	0	21	0	21	6	24	0	0.0113853	inducer
0	0	2	0	0	14	0	-2	340.424	5.395	687.698	173.422	211.172	303.105	0	1158.281	6	4.5	0.0251278	0.0160284	0.7756094	34.106	14.016	22.583	15.004	2.465	-3.806	-4.492	-6.608	98.483	-2.621	40.392	-7.125	8.601	0.206	2	-0.232	2	64.099	0	0	109.564	6	1	12	0	12	0	25	0	0.0323793	inducer
6	1	0	0	0	4	0	2	277.492	0.979	574.331	567.844	6.487	0	0	1035.488	1	1.5	0.0009257	0.0026117	0.8618517	32.718	8.152	12.001	3.205	4.564	-4.304	-3.126	-4.494	2144.274	0.663	1248.259	-3.318	9.229	-3.002	0	0.981	3	100	0	0	12.248	1	0	18	0	18	17	20	0	0.00540549	inducer
0	0	0	0	0	3	0	0	179.218	4.158	435.927	233.867	56.389	145.671	0	680.894	1	3.25	0.0253895	0.0074554	0.8586268	20.56	5.95	9.463	6.147	1.59	-2.4	-1.97	-4.514	2891.793	-0.127	1558.896	-1.758	8.525	-0.271	1	-0.264	3	100	0	0	45.118	3	0	6	0	6	0	13	0	0.0181344	inducer
2	0	0	0	0	1	0	0	232.238	0.981	387.414	88.662	133.137	165.615	0	677.31	2	4	0.0014212	0.0146016	0.9627532	21.891	7.716	12.173	9.332	1.463	-2.278	-2.99	-2.925	541.211	-0.454	254.771	-3.294	10.039	0.39	1	-0.264	3	84.432	0	0	97.001	5	0	12	0	12	1	17	0	0.024358	noninducer
2	1	0	0	0	3	0	2	149.235	1.175	356.821	151.981	35.974	168.866	0	598.436	2	1	0.0023069	0.0039634	0.9624829	17.482	6.272	8.46	5.224	1.741	-0.385	-0.91	-3.671	1126.31	0.522	622.395	-3.362	9.321	-0.339	2	-0.237	3	91.757	0	0	22.254	1	0	6	0	6	0	11	0	0.00947649	inducer
0	2	0	0	0	1	0	2	275.35	1.908	522.638	370.535	64.942	87.16	0	910.639	1	6	0.0039977	0.0114802	0.8693508	30.48	8.016	14.208	9.165	1.122	-1.124	-0.83	-5.514	149.228	0.727	77.471	-6.439	8.391	-0.301	2	-0.073	2	72.423	0	0	59.118	5	0	12	0	12	4	20	0	0.0217904	noninducer
0	0	0	0	0	3	1	0	208.26	6.948	429.749	267.776	80.921	81.052	0	730.389	0	4.5	0.0661034	0	0.9126815	21.924	6.368	9.874	5.626	1.404	-1.516	-1.813	-3.331	1692.485	-0.265	873.692	-2.437	9.704	-0.556	2	-0.593	3	92.948	0	0	53.642	4	0	10	0	10	3	15	0	0	noninducer
0	1	0	0	0	7	0	0	248.324	4.371	546.081	244.214	79.358	222.509	0	903.953	3	3.95	0.0211351	0.0125285	0.8279525	27.652	9.29	15.213	9.827	1.761	-3.697	-2.063	-6.103	436.768	-0.232	223.555	-3.589	8.215	-0.247	3	-0.123	3	84.509	0	0	55.645	4	0	9	0	9	0	18	0	0.027551	inducer
0	0	0	0	0	3	0	-1	331.345	1.848	539.11	65.278	150.446	323.283	0.103	929.326	1	7.75	0.003674	0.0143755	0.8542783	32.199	10.4	16.449	12.675	1.958	-3.893	-3.777	-5.432	370.868	-0.991	169.548	-2.865	8.901	1.208	3	-0.446	3	84.394	0	0	96.982	7	0	16	0	16	1	23	0	0.0233894	noninducer
0	1	0	0	0	9	0	1	402.431	3.249	670.69	238.053	100.417	208.618	123.603	1180.232	2	6	0.0089415	0.0126516	0.8052944	37.292	11.049	18.68	10.332	3.528	-4.101	-4.613	-6.404	275.77	-0.309	646.584	-3.834	9.273	0.869	3	0.236	3	91.285	121.693	0	67.833	5	0	12	0	12	0	27	0	0.0210851	inducer
0	1	0	0	0	5	3	1	373.441	1.572	631.097	324.132	58.445	193.745	54.775	1132.886	0	6.5	0.0021825	0	0.8327722	37.824	10.579	15.79	8.272	3.025	-2.978	-3.451	-5.888	689.546	0.233	730.79	-3.497	9.06	0.157	6	-0.044	3	95.462	23.813	0	56.975	4	0	18	3	15	6	26	0	0	noninducer
0	0	0	0	0	5	0	-2	360.449	9.003	550.123	288.181	178.441	83.501	0	1037.216	3	8.15	0.0781407	0.0256601	0.9007787	32.942	10.573	20.715	14.143	1.595	-3.173	-3.532	-3.536	201.254	-1.204	87.454	-4.034	10.091	0.517	4	-0.205	3	77.515	0	0	101.642	5	0	17	0	17	12	26	0	0.0391629	noninducer
3	1	0	0	0	8	0	1	329.484	1.111	659.051	155.766	4.263	499.022	0	1191.942	1	1.5	0.0010354	0.002276	0.8249286	41.176	13.065	15.545	5.906	6.17	-5.225	-5.311	-7.471	2251.003	0.438	1315.548	-1.135	9.203	-0.252	5	1.251	1	100	0	0	10.556	1	1	18	0	18	0	25	0	0.00455257	inducer
0	1	0	0	0	7	0	0	235.328	6.905	539.68	273.788	112.723	153.169	0	895.327	2.5	5.5	0.0532538	0.0161137	0.8324343	26.645	8.851	15.477	10.361	0.89	-1.633	-1.223	-5.7	210.789	-0.544	101.716	-4.448	8.329	-0.09	2	-0.314	3	73.748	0	0	67.312	4	0	6	0	6	0	17	0	0.0369537	noninducer
2	2	0	0	0	4	0	2	373.943	2.343	650.965	290.501	9.224	242.061	109.179	1157.423	0	4.5	0.0047433	0	0.8189717	39.909	11.506	15.567	6.583	4.861	-4.242	-3.77	-7.068	503.763	1.296	1143.755	-4.578	7.882	0.405	7	0.604	3	100	0	0	13.384	3	0	20	0	20	4	25	1	0	noninducer
1	0	2	0	0	4	0	-1	253.734	2.561	509.655	167.317	122.329	148.324	71.684	841.27	5	3.5	0.0077964	0.015356	0.8456277	26.362	9.459	17.839	12.7	1.861	-3.231	-2.924	-4.737	685.251	-0.642	812.099	-6.993	8.784	0.468	0	-0.304	3	88.6	0	0	87.11	5	0	6	0	6	0	17	0	0.0308444	noninducer
2	1	0	0	0	4	0	2	284.418	2.815	543.508	213.582	6.066	286.152	37.707	948.255	0	2.5	0.0083553	0	0.858834	31.96	9.361	11.537	4.608	4.679	-4.051	-3.744	-5.907	2164.088	0.759	2028.539	-2.302	7.739	0.211	6	0.532	3	100	0	0	8.029	2	0	14	0	14	0	20	0	0	inducer
3	1	0	0	0	3	0	2	284.418	3.003	506.967	193.563	0.652	278.775	33.976	915.345	0	2.5	0.0098494	0	0.8993087	31.214	9.129	11.383	4.652	4.765	-3.933	-3.744	-5.217	2435.643	0.859	2199.041	-2.324	7.573	0.104	6	0.479	3	100	0	0	5.779	2	0	14	0	14	0	20	0	0	inducer
0	1	0	0	0	12	0	1	341.449	5.209	718.792	300.672	77.917	340.202	0	1233.468	2	5.95	0.0219981	0.0117066	0.7738331	38.753	13.184	18.607	10.436	3.696	-3.917	-3.428	-7.54	450.729	-0.629	231.288	-2.668	9.211	0.519	5	0.236	3	96.088	0	0	65.044	4	0	12	0	12	0	25	0	0.0246438	noninducer
0	1	0	0	0	7	0	1	259.347	2.611	567.461	243.237	49.382	274.843	0	952.161	2	3.95	0.0071604	0.0098441	0.8248392	30.082	9.701	14.352	8.566	3.088	-3.562	-2.416	-6.403	840.456	0.056	453.565	-2.852	8.611	0.45	3	0.086	3	100	0	0	40.763	3	0	10	0	10	0	19	0	0.0215393	inducer
0	1	0	0	0	9	0	1	399.962	4.456	759.537	398.036	23.647	266.627	71.228	1359.747	1	4.75	0.0146048	0.0062538	0.7814859	45.03	13.746	18.737	7.704	5.724	-5.973	-5.24	-7.065	1474.204	0.336	2044.584	-2.215	8.205	1.338	4	0.999	3	100	0	0	33.208	4	1	14	0	14	0	28	1	0.0118761	inducer
0	1	0	0	0	5	0	1	324.422	3.25	574.096	314.238	61.522	198.336	0	1025.814	1	5.45	0.0102993	0.0094932	0.8568261	33.583	9.831	15.106	8.598	3.383	-3.232	-3.218	-5.521	644.742	0.102	340.564	-3.537	8.878	0.707	4	0.153	3	100	0	0	44.971	4	0	18	0	18	7	24	0	0.0167991	inducer
0	0	0	0	0	8	0	-1	359.442	8.73	677.389	301.85	83.824	278.432	13.283	1161.314	1	8.95	0.0656303	0.0132125	0.7887879	37.844	11.905	19.231	14.834	2.596	-2.742	-3.859	-6.277	63.241	-0.784	964.646	-1.315	8.878	0.578	6	-0.356	3	74.378	0	0	72.607	6	0	15	0	15	0	25	0	0.0248997	noninducer
0	1	0	0	0	10	0	0	314.402	10.123	626.397	379.851	119.3	96.829	30.418	1060.028	2	6	0.0966742	0.0135462	0.8026509	30.772	10.206	16.977	9.341	0.779	-2.531	-2.469	-5.913	182.59	-0.801	127.821	-4.48	9.155	0.638	4	-0.116	3	71.981	0	0	77.307	7	0	5	0	5	0	21	0	0.0269887	inducer
1	1	0	0	0	3	0	2	171.241	1.859	422.199	188.249	15.535	218.415	0	672.545	1.5	1.5	0.0051375	0.0043513	0.8792821	20.921	6.354	9.06	5.339	2.317	-1.557	-1.265	-5.253	1759.878	0.647	1008.248	-2.811	9.345	-0.424	4	-0.047	3	100	0	0	12.974	1	0	9	0	9	3	13	0	0.0107282	noninducer
NA	NA	NA	NA	NA	NA	NA	NA	NA	NA	NA	NA	NA	NA	NA	NA	NA	NA	NA	NA	NA	NA	NA	NA	NA	NA	NA	NA	NA	NA	NA	NA	NA	NA	NA	NA	NA	NA	NA	NA	NA	NA	NA	NA	NA	NA	NA	NA	NA	NA	NA	inducer
NA	NA	NA	NA	NA	NA	NA	NA	NA	NA	NA	NA	NA	NA	NA	NA	NA	NA	NA	NA	NA	NA	NA	NA	NA	NA	NA	NA	NA	NA	NA	NA	NA	NA	NA	NA	NA	NA	NA	NA	NA	NA	NA	NA	NA	NA	NA	NA	NA	NA	NA	noninducer
NA	NA	NA	NA	NA	NA	NA	NA	NA	NA	NA	NA	NA	NA	NA	NA	NA	NA	NA	NA	NA	NA	NA	NA	NA	NA	NA	NA	NA	NA	NA	NA	NA	NA	NA	NA	NA	NA	NA	NA	NA	NA	NA	NA	NA	NA	NA	NA	NA	NA	NA	noninducer
0	1	0	0	0	6	0	1	381.516	1.243	707.655	241.495	47.912	418.248	0	1269.528	2	3.2	0.001218	0.006395	0.8012563	44.794	13.79	19.264	9.351	5.334	-5.591	-5.696	-7.469	867.856	0.103	469.569	-2.416	8.693	0.986	1	1.1	3	100	0	0	31.764	2	1	25	0	25	5	29	0	0.0118618	inducer
1	2	0	0	0	9	0	-2	527.573	8.114	745.82	394.351	224.582	126.887	0	1428.858	2	10.25	0.046077	0.0194359	0.822603	46.462	14.38	24.728	14.945	1.428	-2.219	-4.419	-6.46	4.571	-1.395	1.79	-8.473	9.078	0.947	10	0.115	1	8.243	0	0	168.23	11	3	23	0	23	10	38	2	0.0274762	noninducer
0	0	0	1	0	12	0	-2	481.538	9.464	762.613	375.42	221.372	118.5	47.32	1405.884	2	10.9	0.0637038	0.0202133	0.7958429	43.536	13.888	24.268	14.901	2.759	-4.431	-5.336	-3.593	19.963	-2.374	16.625	-4.03	8.96	0.672	4	-0.38	2	66.368	46.782	0	133.194	9	0	12	0	12	0	33	1	0.0320119	noninducer
2	1	0	0	0	19	0	-2	415.572	4.592	883.452	448.286	143.467	291.699	0	1521.974	4	7.35	0.0138539	0.0166393	0.7243031	45.341	16.947	24.283	13.712	4.005	-4.854	-4.204	-8.11	107.722	-2.006	49.234	-3.374	9.046	-0.354	6	0.246	1	86.771	0	0	83.378	5	0	12	0	12	0	30	0	0.035373	noninducer
2	0	0	0	0	6	0	-2	241.249	3.765	449.405	159.955	255.242	34.208	0	741.393	7	7.4	0.0191225	0.0435655	0.881507	19.991	8.731	20.912	18.987	-1.365	-1.426	-1.783	-3.612	37.622	-1.988	14.275	-5.527	7.594	-0.422	5	-0.868	2	34.192	0	0	134.919	8	1	10	0	10	2	17	0	0.081155	inducer
6	1	0	0	3	14	0	-2	684.877	9.112	1051.355	510.811	147.677	392.867	0	2060.615	5	13.7	0.0402939	0.0291378	0.7448696	71.074	22.595	39.218	27.614	2.894	-4.603	-5.335	-4.137	36.865	-1.656	44.577	-3.576	9.203	1.06	7	-0.285	2	33.054	0	53.488	155.356	11	3	26	0	26	9	50	1	0.0447295	noninducer
0	1	0	0	0	0	1	2	329.831	4.817	586.636	284.408	13.282	217.348	71.598	1034.14	0	6	0.0224336	0	0.8430417	37.308	9.945	15.689	8.635	3.029	-3.285	-3.006	-5.834	1848.615	1.013	2623.442	-3.061	8.142	0.31	1	0.015	3	100	0	0	29.137	5	0	20	0	17	4	23	0	0	inducer
3	1	0	0	0	5	0	1	187.284	1.418	449.896	217.944	0	231.951	0	745.86	0.5	2	0.0026969	0.0031434	0.88408	22.7	6.913	8.364	3.979	3.256	-1.776	-1.775	-5.24	2470.586	-0.286	1454.789	-2.285	9.178	-0.557	3	0.08	3	100	0	0	3.305	1	0	6	0	6	0	14	0	0.00755112	noninducer
1	1	0	0	0	3	0	1	440.947	4.007	756.812	292.433	83.782	262.168	118.43	1352.121	1	4	0.0118734	0.0052853	0.7813648	48.535	13.766	20.246	8.678	5.755	-7.399	-6.655	-7.046	396.55	0.157	897.01	-3.915	8.374	0.65	2	1.39	1	94.188	46.811	0	52.504	5	1	26	0	26	7	31	1	0.00907134	inducer
1	1	0	0	0	1	0	2	306.234	4.788	524.864	170.393	12.068	213.566	128.837	920.655	1	1.5	0.0249057	0.0028579	0.8719986	32.088	9.552	13.221	5.284	4.836	-4.441	-4.446	-5.348	1898.278	1.112	5557.43	-2.956	9.319	0.107	5	0.786	3	100	0	0	12.368	1	0	16	0	16	4	20	0	0.00489824	inducer
0	1	0	0	0	7	0	-2	474.577	6.454	785.484	520.135	159.895	104.22	1.234	1437.351	1	11.75	0.0289756	0.0149589	0.7841573	47.869	13.781	23.878	14.901	1.807	-3.69	-4.054	-6.248	75.252	-1.19	33.935	-5.49	8.495	0.966	3	-0.186	3	71.111	0	0	109.881	10	0	21	0	21	4	33	0	0.0247588	noninducer
0	0	0	0	0	7	1	-2	418.572	4.696	706.566	518.627	126.204	61.735	0	1347.899	1	6.7	0.0163622	0.0094825	0.8351871	43.884	12.255	19.54	9.218	4.654	-6.878	-5.352	-4.493	629.659	-1.065	300.059	-2.956	9.128	-0.123	5	0.668	1	100	0	0	85.927	5	0	16	0	16	10	30	1	0.0160068	noninducer
NA	NA	NA	NA	NA	NA	NA	NA	NA	NA	NA	NA	NA	NA	NA	NA	NA	NA	NA	NA	NA	NA	NA	NA	NA	NA	NA	NA	NA	NA	NA	NA	NA	NA	NA	NA	NA	NA	NA	NA	NA	NA	NA	NA	NA	NA	NA	NA	NA	NA	NA	inducer
2	2	0	0	0	5	2	0	332.353	4.065	492.587	356.147	136.44	0	0	914.98	5	13.3	0.0180622	0.0603745	0.9253159	27.253	9.174	23.265	21.153	-2.032	0.638	0.777	-4.193	31.322	-0.003	14.332	-7.679	8.812	-0.324	5	-0.801	2	41.819	0	0	120.767	9	0	14	0	14	10	23	0	0.0894822	inducer
7	1	0	0	0	9	3	1	731.965	8.087	1048.041	968.42	17.819	61.802	0	2199.803	0	17.9	0.0297309	0	0.7805056	76.693	18.841	35.341	18.429	4.351	-4.02	-5.086	-6.105	1674.247	0.225	955.327	-2.829	9.374	-0.055	7	-0.166	2	84.207	0	0	71.5	11	2	34	0	24	25	52	1	0	inducer
7	1	0	0	0	9	3	1	745.992	7.87	1070.589	1027.549	20.732	22.308	0	2228.536	0	17.9	0.0277937	0	0.7707057	77.466	18.959	35.485	18.234	4.472	-4.448	-5.384	-6.075	1571.066	0.187	891.852	-3.022	9.309	-0.073	8	-0.083	2	84.422	0	0	72.283	11	2	34	0	24	25	53	1	0	inducer
0	1	0	1	1	9	1	-1	466.609	6.626	806.879	413.619	133.555	194.649	65.055	1443.858	2	9.5	0.0304101	0.0166506	0.7656666	47.709	15.082	24.255	15.623	1.268	-5.029	-3.692	-3.796	23.918	-0.94	40.741	-4.494	9.246	0.674	5	-0.244	2	59.046	0	18.99	108.42	7	0	15	0	15	6	31	0	0.0287929	noninducer
1	0	2	0	0	9	0	-2	264.329	3.178	538.917	13.752	211.07	314.094	0	899.514	6	3	0.0112312	0.0136356	0.8362099	27.065	11.53	19.483	14.346	1.415	-2.347	-3.46	-5.68	98.701	-1.991	40.488	-7.564	8.585	1.011	0	-0.473	2	57.967	0	0	93.655	4	1	12	0	12	0	20	0	0.0278004	inducer
13	1	2	0	0	18	2	-2	581.579	6.595	756.435	339.702	416.734	0	0	1506.552	16	25.25	0.0288709	0.133521	0.8402	42.58	18.643	52.148	48.708	-5.46	-0.102	0.325	-4.844	0.276	-4.058	0.078	-11.597	7.893	-0.206	11	-1.692	1	0	0	0	305.101	19	3	17	0	17	15	40	2	0.173665	noninducer
0	0	0	0	0	4	0	-2	253.275	8.181	468.627	96.461	180.21	190.015	1.941	762.015	2.5	7	0.0878218	0.0236179	0.8609544	23.588	8.367	16.26	13.04	0.474	-2.296	-2.421	-4.688	193.629	-1.294	85.957	-3.787	8.624	0.171	2	-0.65	3	70.656	0	0	93.839	6	0	11	0	11	0	17	0	0.0436995	noninducer
0	0	0	1	0	5	0	-1	356.411	5.277	611.18	198.009	129.904	215.33	67.938	1074.062	1	6	0.0259308	0.0098171	0.8298799	35.676	10.681	16.974	12.334	3.428	-4.894	-4.965	-3.504	5.856	-0.829	186.744	-2.675	8.852	1.368	3	-0.001	2	60.753	46.694	0	67.572	3	0	15	0	15	0	25	1	0.0168345	noninducer
0	1	0	0	0	6	0	1	295.399	4.845	569.837	311.98	125.287	132.569	0	982.149	2	6.5	0.0239009	0.0161316	0.8385576	30.565	9.569	16.36	10.853	1.414	-2.225	-2.174	-5.503	160.214	-0.587	75.614	-4.848	8.388	0.082	3	-0.194	3	74.685	0	0	70.949	5	0	9	0	9	0	20	0	0.0311185	noninducer
0	0	0	0	2	0	1	0	389.41	2.921	598.892	230.815	91.418	276.659	0	1097.205	1	7.5	0.0077759	0.0125231	0.8590309	40.398	11.268	19.038	16.674	1.496	-2.63	-4.083	-2.384	480.523	-0.262	681.976	-2.23	8.446	0.257	4	-0.488	3	83.705	0	56.19	88.118	7	0	26	0	26	5	29	0	0.0192599	noninducer
1	1	0	0	0	9	0	1	371.521	2.129	712.306	301.592	4.207	406.507	0	1299.55	0	2.75	0.0034881	0	0.8085259	43.957	13.209	15.557	4.95	6.354	-5.591	-5.718	-7.295	2253.762	0.377	1317.291	-1.364	8.708	-0.02	3	1.273	1	100	0	0	13.181	2	1	18	0	18	0	28	0	0	inducer
0	1	0	0	0	6	0	1	221.342	1.655	500.132	323.223	55.253	121.656	0	855.445	1	2.75	0.003202	0.0054985	0.8713817	25.39	7.66	10.493	4.976	2.537	-2.194	-1.908	-4.92	739.327	0.115	394.873	-3.596	9.088	-0.322	4	0.165	3	93.147	0	0	26.53	2	0	6	0	6	0	16	0	0.0124241	noninducer
0	0	0	0	0	3	0	-2	242.231	7.009	424.123	219.324	176.845	27.954	0	719.035	3	8.6	0.068324	0.035121	0.91518	20.962	7.259	16.537	14.336	-0.735	-1.569	-1.519	-3.038	208.392	-1.025	90.812	-4.392	9.297	0.383	4	-0.753	3	64.145	0	0	117.704	7	0	11	0	11	4	17	0	0.0614935	noninducer
10	1	0	0	0	11	4	-2	812.014	12.898	1151.579	764.138	153.362	234.079	0	2361.132	1	20.85	0.0704521	0.0181056	0.7446486	83.511	23.149	42.052	24.701	3.734	-5.52	-6.369	-7.506	86.789	-1.545	38.98	-4.528	8.983	0.058	8	0.029	2	57.587	0	0	153.385	15	2	34	0	22	15	58	1	0.0256769	inducer
1	0	0	0	0	1	0	-2	194.152	3.086	379.771	89.118	232.578	58.074	0	596.577	2	7	0.0159656	0.026067	0.9024458	17.634	6.255	12.684	12.214	-1.207	-1.388	-1.328	-3.387	61.71	-1.401	24.371	-5.505	9.707	1.776	1	-0.804	2	51.922	0	0	129.184	8	0	9	0	9	0	14	0	0.0509884	noninducer
0	0	0	2	0	8	0	-2	287.214	3.586	464.141	156.086	211.265	95.295	1.494	803.713	4	10.7	0.0159998	0.0461067	0.9007051	21.784	8.94	18.799	17.555	-0.14	-1.117	-1.753	0.022	6.305	-1.651	3.413	-4.309	8.112	-0.217	2	-1.312	2	40.437	0	0	128.269	9	0	9	0	9	0	19	1	0.0745089	noninducer
0	1	0	0	0	4	1	1	317.427	3.956	576.009	498.699	31.277	46.033	0	1042.434	0	5.5	0.0150123	0	0.86318	33.435	8.493	13.355	6.166	2.728	-2.382	-2.665	-4.692	1247.954	0.441	695.359	-3.612	8.684	-0.157	6	0.003	3	100	0	0	44.141	4	0	14	0	14	6	23	0	0	noninducer
1	1	0	0	0	7	0	-2	444.44	9.351	614.214	188.606	299.986	125.622	0	1154.38	3	8.25	0.0757521	0.0232646	0.8664522	36.749	12.666	22.609	15.068	0.067	-2.872	-4.498	-5.018	3.532	-2.124	1.224	-7.996	9.33	0.961	10	-0.08	1	24.189	0	0	183.365	10	1	18	0	18	6	32	2	0.0321516	noninducer
7	0	0	0	0	0	0	1	75.128	6.295	237.432	91.541	70.121	0	75.77	323.039	2	2	0.1226572	0.0119126	0.9589517	6.774	2.752	7.271	5.693	-0.174	-0.047	-0.252	-2.196	2142.596	0.241	2931.728	-2.812	8.701	0.625	1	-0.832	3	85.546	0	0	35.196	1	0	0	0	0	0	4	0	0.0376482	noninducer
2	1	0	0	0	4	0	2	370.57	1.232	626.1	330.049	4.021	216.611	75.419	1145.924	0	3	0.0013242	0	0.8458465	39.206	10.96	14.328	4.826	5.822	-5.669	-5.378	-5.786	2262.919	0.869	3425.552	-2.509	7.77	0.377	6	0.972	3	100	0	0	7.479	2	1	20	0	20	5	25	0	0	inducer
0	1	0	1	0	6	0	0	375.543	2.796	646.1	291.876	98.111	181.22	74.893	1166.225	1	4	0.0067018	0.006191	0.8293162	38.396	11.773	16.397	7.281	2.864	-5.378	-4.835	-4.077	73.454	-0.167	106.47	-4.176	9.01	0.655	7	0.601	2	77.112	0	0	53.277	3	0	16	0	16	5	25	1	0.0106513	noninducer
0	1	0	0	0	8	0	0	328.426	4.738	638.488	437.814	122.819	77.617	0.238	1093.377	1	9.25	0.0205336	0.0144874	0.8038818	33.207	9.987	17.001	11.43	0.981	-1.999	-1.554	-5.802	169.084	-0.787	80.39	-4.804	9.304	0.511	2	-0.578	3	72.569	0	0	82.225	6	0	6	0	6	0	22	0	0.0281647	noninducer
0	2	0	0	0	12	0	1	410.555	6.343	811.015	547.239	55.865	207.911	0	1443.585	0	7.5	0.0278706	0	0.7616654	45.899	13.74	18.79	8.205	3.863	-3.266	-2.996	-7.832	181.94	-0.005	95.98	-4.79	8.555	0.893	4	0.293	3	90.015	0	0	54.257	5	0	13	0	13	0	30	0	0	inducer
1	0	0	0	0	5	0	-2	247.268	6.765	463.367	239.215	166.876	57.276	0	773.83	0	6.5	0.0591495	0	0.8797051	22.151	6.999	11.186	7.658	0.09	-0.781	-1.609	-3.752	259.069	-1.175	114.9	-3.913	10.642	0.925	1	-1.087	2	70.669	0	0	95.047	7	0	5	0	5	0	16	0	0	noninducer
1	0	0	0	0	12	1	-2	602.667	5.411	885.455	283.46	130.552	357.677	113.766	1697.551	2	9.25	0.0172505	0.0147737	0.7772262	57.493	17.269	27.913	14.604	5.87	-6.34	-9.011	-6.842	572.636	-1.321	1137.257	-1.513	9.427	1.633	6	0.833	1	84.76	111.785	0	101.94	7	2	24	0	24	2	42	1	0.0217059	noninducer
10	5	0	0	0	16	2	-2	467.518	8.374	671.836	317.482	354.354	0	0	1290.17	15	20.3	0.0543561	0.117025	0.8531003	35.205	16.085	45.499	42.181	-6.569	2	4.577	-7.54	0.067	-2.85	0.021	-10.639	8.942	-1.926	11	-1.442	1	0	0	0	238.07	14	2	18	0	18	16	32	2	0.168168	inducer
0	1	0	0	0	8	0	1	325.493	1.988	641.181	353.009	40.267	247.905	0	1157.828	1	2.75	0.0034124	0.004289	0.8316628	37.413	11.23	14.721	5.631	4.884	-2.645	-4.382	-6.164	1025.527	0.092	562.422	-2.683	8.954	-0.197	6	0.905	3	100	0	0	24.657	2	0	12	0	12	0	24	0	0.0084488	noninducer
0	1	0	0	0	4	0	2	263.379	1.151	506.573	371.826	24.799	109.947	0	901.754	1	3.5	0.0014701	0.0069092	0.8910771	28.416	7.921	11.898	5.885	2.91	-2.402	-2.445	-4.545	1437.57	0.513	810.229	-3.268	9.016	-0.289	4	0.245	3	100	0	0	29.164	3	0	12	0	12	6	19	0	0.0132889	noninducer
2	1	0	0	0	4	0	2	294.439	1.187	567.846	285.823	0.44	281.582	0	1044.93	0	2.5	0.0013495	0	0.8769866	35.785	10.006	12.645	4.584	4.534	-4.022	-3.708	-5.592	2446.939	0.717	1439.744	-2.214	7.978	-0.31	7	0.813	3	100	0	0	4.276	2	0	15	0	12	2	22	1	0	inducer
2	1	0	0	0	11	0	1	438.008	2.621	783.422	379.861	19.51	312.326	71.725	1414.86	1	3.5	0.0048572	0.0044676	0.7779979	46.388	14.579	18.394	6.372	6.697	-6.578	-6.772	-7.34	1613.555	0.26	2268.436	-1.785	8.916	0.014	5	1.331	1	100	0	0	27.948	3	1	18	0	18	0	31	1	0.00799076	inducer
0	1	0	0	0	6	0	2	255.362	1.598	544.521	211.068	8.435	325.018	0	938.128	0	3.5	0.0027211	0	0.8511225	30.641	9.257	11.331	5.422	3.335	-2.595	-2.544	-6.217	2054.997	0.523	1192.179	-2.017	8.283	-0.334	4	0.15	3	100	0	0	13.76	3	0	12	0	12	0	19	0	0	inducer
0	2	0	0	0	8	2	0	374.433	3.117	627.161	465.592	161.569	0	0	1128.254	5	13.3	0.0086086	0.0474196	0.8357132	33.862	10.971	25.266	20.986	-1.389	-0.129	0.13	-5.643	18.094	-0.664	7.92	-7.854	9.275	-0.429	5	-0.871	2	41.317	0	0	123.893	9	0	14	0	14	10	26	1	0.079426	inducer
3	0	0	1	0	6	0	-2	392.578	0.441	630.735	447.078	183.657	0	0	1199.18	3	5.4	0.0001624	0.0148288	0.865448	37.985	11.36	19.733	10.876	3.491	-4.643	-4.789	-1.902	45.486	-1.433	22.29	-4.328	10.636	-1.068	3	0.328	3	77.061	0	0	90.832	4	0	17	0	17	17	28	0	0.0238247	inducer
1	1	0	0	0	11	1	-2	354.365	17.902	636.693	286.961	286.706	63.027	0	1104.654	6	11.9	0.2901184	0.0457817	0.8116815	31.593	12.284	29.554	21.713	-1.499	-1.208	-1.352	-5.606	4.72	-2.602	1.675	-7.588	8.672	-0.041	5	-0.948	1	4.311	0	0	172.296	11	2	9	0	9	0	25	1	0.0822567	noninducer
4	0	0	1	0	5	0	-1	144.213	2.012	378.333	302.837	75.496	0	0	602.986	1	2	0.0067109	0.0052864	0.9123525	14.767	4.673	6.414	3.475	2.733	-1.825	-1.342	-1.143	482.585	-0.343	286.265	-2.431	11.004	-1.026	1	-0.495	3	90.98	0	0	41.387	2	0	0	0	0	0	10	0	0.0138685	noninducer
0	1	0	0	0	0	0	1	211.266	2.75	428.184	186.993	67.066	174.125	0	711.141	1	3.5	0.0106338	0.0081741	0.8998543	23.969	6.857	10.893	7.302	1.506	-1.695	-1.724	-4.709	571.233	0.41	298.795	-4.205	9.264	0.705	4	-0.084	3	85.102	0	0	37.663	3	0	16	0	16	5	16	0	0.0165669	inducer
0	1	0	0	0	14	0	1	454.608	7.039	771.577	584.567	56.23	130.78	0	1445.66	0	6.5	0.0342755	0	0.8013637	43.961	12.994	17.669	6.162	4.022	-4.765	-6.384	-6.096	723.717	-0.465	385.869	-2.814	8.675	0.006	6	0.482	3	100	0	0	63.797	6	0	12	0	12	0	33	0	0	inducer
6	3	0	0	0	8	1	1	810.986	4.981	990.143	708.967	109.874	171.302	0	2188.789	2	12.25	0.0113348	0.0174966	0.8233856	77.94	20.106	36.315	17.245	5.645	-4.551	-8.453	-7.385	13.953	-0.202	6.616	-6.298	7.977	0.209	7	1.745	2	41.607	0	0	120.571	13	3	38	0	34	18	59	2	0.0213618	noninducer
0	0	0	0	0	6	0	0	349.315	3.583	548.954	84.329	86.753	287.002	90.871	987.307	1	6.25	0.0130007	0.0113853	0.8735016	32.246	9.741	15.835	9.912	2.98	-3.503	-4.844	-4.948	1490.134	-0.333	2395.394	-1.531	10.22	0.806	4	-0.133	3	100	90.871	0	57.675	6	0	17	0	17	0	25	0	0.0178922	noninducer
0	0	0	0	0	5	2	0	308.333	7.595	541.292	111.609	91.872	337.811	0	952.128	1	5.25	0.0605845	0.009699	0.8646968	31.966	10.353	15.502	9.477	2.702	-3.873	-4.357	-5.332	1332.547	-0.557	674.71	-1.543	9.297	0.92	4	0.001	3	100	0	0	73.558	4	0	16	0	16	0	23	0	0.017027	noninducer
0	0	0	1	0	5	0	-1	323.796	4.279	570.705	181.327	123.751	161.435	104.192	966.378	2	4.5	0.0189425	0.011151	0.8282942	30.852	10.313	15.864	9.328	3.549	-4.627	-4.651	-3.273	168.255	-0.685	341.125	-2.751	8.543	0.65	5	-0.04	3	87.565	0	0	76.314	5	0	12	0	12	0	21	0	0.0196541	noninducer
0	0	0	0	0	3	0	-2	211.22	9.845	403.969	159.164	186.262	58.543	0	674.349	3	7.4	0.1437283	0.0317281	0.9206059	19.466	7.138	16.499	13.377	-0.622	-1.476	-1.397	-3.096	169.66	-1.083	72.714	-4.458	9.039	0.28	2	-0.709	3	63.208	0	0	97.042	6	0	11	0	11	4	15	0	0.0606816	noninducer
NA	NA	NA	NA	NA	NA	NA	NA	NA	NA	NA	NA	NA	NA	NA	NA	NA	NA	NA	NA	NA	NA	NA	NA	NA	NA	NA	NA	NA	NA	NA	NA	NA	NA	NA	NA	NA	NA	NA	NA	NA	NA	NA	NA	NA	NA	NA	NA	NA	NA	NA	noninducer
0	1	0	0	0	4	0	2	317.228	3.149	550.477	171.046	30.969	271.442	77.021	940.704	0	3.5	0.0105408	0	0.8434528	31.517	9.579	12.196	5.693	3.502	-2.958	-3.858	-6.086	1256.375	0.62	1850.483	-2.813	9.222	0.33	4	0.243	3	100	0	0	17.915	2	0	12	0	12	0	19	0	0	inducer
2	0	0	4	0	9	0	-2	272.091	3.616	389.174	34.282	259.021	93.754	2.118	660.352	1	8.75	0.0198053	0.0224835	0.9423341	15.39	7.52	11.465	11.154	0.427	0.6	-1.676	4.318	0.563	-1.918	0.093	-5.099	9.465	0.315	1	-2.042	1	24.98	0	0	147.351	9	0	5	0	5	0	16	1	0.0321583	noninducer
0	0	0	0	1	2	0	1	307.394	6.977	609.707	343.693	38.669	227.345	0	1060.846	0	4.5	0.0458865	0	0.8250466	37.188	9.914	14.822	8.298	3.398	-4.503	-3.772	-4.073	3077.696	0.064	2368.309	-1.239	8.658	0.415	3	0.087	3	100	0	17.71	40.245	4	0	15	0	15	0	23	0	0	noninducer
0	0	0	0	0	3	0	-2	212.223	6.93	396.576	39.643	183.03	173.294	0.61	635.306	2	6	0.0756025	0.0213963	0.9012124	19	7.124	13.317	11.275	-0.194	-1.441	-1.905	-3.957	182.067	-1.118	79.084	-3.994	9.792	0.767	1	-0.711	3	66.262	0	0	92.735	5	0	9	0	9	0	14	0	0.0399827	inducer
